table_name,ori_column_name,column_idx,renamed_column_name
0_abt_buy_tableA_colsize4_chunk0.csv,id,0,prod_id
0_abt_buy_tableA_colsize4_chunk0.csv,name,1,prod_nm
0_abt_buy_tableA_colsize4_chunk0.csv,description,2,item_features
0_abt_buy_tableA_colsize4_chunk0.csv,price,3,wholesale_price
1_abt_buy_tableA_colsize4_chunk1.csv,id,0,sku_id
1_abt_buy_tableA_colsize4_chunk1.csv,name,1,product_nm
1_abt_buy_tableA_colsize4_chunk1.csv,description,2,product_description
1_abt_buy_tableA_colsize4_chunk1.csv,price,3,pricing
2_abt_buy_tableA_colsize4_chunk2.csv,id,0,sku_id
2_abt_buy_tableA_colsize4_chunk2.csv,name,1,prod_name
2_abt_buy_tableA_colsize4_chunk2.csv,description,2,detail_desc
2_abt_buy_tableA_colsize4_chunk2.csv,price,3,sale_price
3_abt_buy_tableA_colsize4_chunk3.csv,id,0,product_id
3_abt_buy_tableA_colsize4_chunk3.csv,name,1,product_desc_name
3_abt_buy_tableA_colsize4_chunk3.csv,description,2,product_features
3_abt_buy_tableA_colsize4_chunk3.csv,price,3,current_price
4_abt_buy_tableA_colsize4_chunk4.csv,id,0,entity_id
4_abt_buy_tableA_colsize4_chunk4.csv,name,1,item_name
4_abt_buy_tableA_colsize4_chunk4.csv,description,2,product_features
4_abt_buy_tableA_colsize4_chunk4.csv,price,3,sale_price
5_abt_buy_tableB_colsize4_chunk0.csv,id,0,product_key
5_abt_buy_tableB_colsize4_chunk0.csv,name,1,item_full_name
5_abt_buy_tableB_colsize4_chunk0.csv,description,2,product_features
5_abt_buy_tableB_colsize4_chunk0.csv,price,3,list_price
6_abt_buy_tableB_colsize4_chunk1.csv,id,0,product_key
6_abt_buy_tableB_colsize4_chunk1.csv,name,1,p_title
6_abt_buy_tableB_colsize4_chunk1.csv,description,2,detailed_info
6_abt_buy_tableB_colsize4_chunk1.csv,price,3,base_price
7_abt_buy_tableB_colsize4_chunk2.csv,id,0,item_code
7_abt_buy_tableB_colsize4_chunk2.csv,name,1,prod_name
7_abt_buy_tableB_colsize4_chunk2.csv,description,2,product_features
7_abt_buy_tableB_colsize4_chunk2.csv,price,3,amount
8_abt_buy_tableB_colsize4_chunk3.csv,id,0,abt_buy_id
8_abt_buy_tableB_colsize4_chunk3.csv,name,1,product_full_name
8_abt_buy_tableB_colsize4_chunk3.csv,description,2,prod_desc
8_abt_buy_tableB_colsize4_chunk3.csv,price,3,sale_price
9_abt_buy_tableB_colsize4_chunk4.csv,id,0,prod_id
9_abt_buy_tableB_colsize4_chunk4.csv,name,1,prod_nm
9_abt_buy_tableB_colsize4_chunk4.csv,description,2,item_details
9_abt_buy_tableB_colsize4_chunk4.csv,price,3,value
10_abt_buy_tableA_colsize3_chunk0.csv,id,0,product_id
10_abt_buy_tableA_colsize3_chunk0.csv,name,1,p_name
10_abt_buy_tableA_colsize3_chunk0.csv,description,2,product_features
10_abt_buy_tableA_colsize3_chunk0.csv,price,3,base_price
11_abt_buy_tableA_colsize3_chunk1.csv,id,0,abt_id
11_abt_buy_tableA_colsize3_chunk1.csv,name,1,prod_nm
11_abt_buy_tableA_colsize3_chunk1.csv,description,2,product_features
11_abt_buy_tableA_colsize3_chunk1.csv,price,3,market_price
12_abt_buy_tableA_colsize3_chunk2.csv,id,0,sku_id
12_abt_buy_tableA_colsize3_chunk2.csv,name,1,item_desc_name
12_abt_buy_tableA_colsize3_chunk2.csv,description,2,prod_desc
12_abt_buy_tableA_colsize3_chunk2.csv,price,3,current_price
13_abt_buy_tableA_colsize3_chunk3.csv,id,0,item_id
13_abt_buy_tableA_colsize3_chunk3.csv,name,1,p_name
13_abt_buy_tableA_colsize3_chunk3.csv,description,2,item_desc
13_abt_buy_tableA_colsize3_chunk3.csv,price,3,pricing
14_abt_buy_tableA_colsize3_chunk4.csv,id,0,abt_buy_id
14_abt_buy_tableA_colsize3_chunk4.csv,name,1,item_name
14_abt_buy_tableA_colsize3_chunk4.csv,description,2,detailed_info
14_abt_buy_tableA_colsize3_chunk4.csv,price,3,price_amount
15_abt_buy_tableB_colsize3_chunk0.csv,id,0,item_code
15_abt_buy_tableB_colsize3_chunk0.csv,name,1,p_name
15_abt_buy_tableB_colsize3_chunk0.csv,description,2,detailed_info
15_abt_buy_tableB_colsize3_chunk0.csv,price,3,base_price
16_abt_buy_tableB_colsize3_chunk1.csv,id,0,product_key
16_abt_buy_tableB_colsize3_chunk1.csv,name,1,product_desc_name
16_abt_buy_tableB_colsize3_chunk1.csv,description,2,detailed_info
16_abt_buy_tableB_colsize3_chunk1.csv,price,3,amount
17_abt_buy_tableB_colsize3_chunk2.csv,id,0,abt_id
17_abt_buy_tableB_colsize3_chunk2.csv,name,1,product_full_name
17_abt_buy_tableB_colsize3_chunk2.csv,description,2,detailed_info
17_abt_buy_tableB_colsize3_chunk2.csv,price,3,pricing
18_abt_buy_tableB_colsize3_chunk3.csv,id,0,record_id
18_abt_buy_tableB_colsize3_chunk3.csv,name,1,prod_title
18_abt_buy_tableB_colsize3_chunk3.csv,description,2,item_desc
18_abt_buy_tableB_colsize3_chunk3.csv,price,3,base_price
19_abt_buy_tableB_colsize3_chunk4.csv,id,0,record_id
19_abt_buy_tableB_colsize3_chunk4.csv,name,1,product_desc_name
19_abt_buy_tableB_colsize3_chunk4.csv,description,2,features
19_abt_buy_tableB_colsize3_chunk4.csv,price,3,value
20_amazon_google_tableA_colsize4_chunk0.csv,id,0,product_id
20_amazon_google_tableA_colsize4_chunk0.csv,title,1,title_desc
20_amazon_google_tableA_colsize4_chunk0.csv,manufacturer,2,manufact
20_amazon_google_tableA_colsize4_chunk0.csv,price,3,sale_price
21_amazon_google_tableA_colsize4_chunk1.csv,id,0,item_key
21_amazon_google_tableA_colsize4_chunk1.csv,title,1,item_description
21_amazon_google_tableA_colsize4_chunk1.csv,manufacturer,2,prod_company
21_amazon_google_tableA_colsize4_chunk1.csv,price,3,cost
22_amazon_google_tableA_colsize4_chunk2.csv,id,0,identifier
22_amazon_google_tableA_colsize4_chunk2.csv,title,1,item_name
22_amazon_google_tableA_colsize4_chunk2.csv,manufacturer,2,prod_company
22_amazon_google_tableA_colsize4_chunk2.csv,price,3,cost
23_amazon_google_tableA_colsize4_chunk3.csv,id,0,record_id
23_amazon_google_tableA_colsize4_chunk3.csv,title,1,name
23_amazon_google_tableA_colsize4_chunk3.csv,manufacturer,2,source
23_amazon_google_tableA_colsize4_chunk3.csv,price,3,retail_price
24_amazon_google_tableA_colsize4_chunk4.csv,id,0,uid
24_amazon_google_tableA_colsize4_chunk4.csv,title,1,prod_title
24_amazon_google_tableA_colsize4_chunk4.csv,manufacturer,2,maker_company
24_amazon_google_tableA_colsize4_chunk4.csv,price,3,retail_price
25_amazon_google_tableB_colsize4_chunk0.csv,id,0,rec_id
25_amazon_google_tableB_colsize4_chunk0.csv,title,1,prod_name
25_amazon_google_tableB_colsize4_chunk0.csv,manufacturer,2,supplier
25_amazon_google_tableB_colsize4_chunk0.csv,price,3,purchase_price
26_amazon_google_tableB_colsize4_chunk1.csv,id,0,item_id
26_amazon_google_tableB_colsize4_chunk1.csv,title,1,product_name
26_amazon_google_tableB_colsize4_chunk1.csv,manufacturer,2,prod_company
26_amazon_google_tableB_colsize4_chunk1.csv,price,3,item_price
27_amazon_google_tableB_colsize4_chunk2.csv,id,0,item_key
27_amazon_google_tableB_colsize4_chunk2.csv,title,1,software_title
27_amazon_google_tableB_colsize4_chunk2.csv,manufacturer,2,prod_company
27_amazon_google_tableB_colsize4_chunk2.csv,price,3,cost
28_amazon_google_tableB_colsize4_chunk3.csv,id,0,ag_id
28_amazon_google_tableB_colsize4_chunk3.csv,title,1,item_desc
28_amazon_google_tableB_colsize4_chunk3.csv,manufacturer,2,producer
28_amazon_google_tableB_colsize4_chunk3.csv,price,3,price_amt
29_amazon_google_tableB_colsize4_chunk4.csv,id,0,ag_product_id
29_amazon_google_tableB_colsize4_chunk4.csv,title,1,product_description
29_amazon_google_tableB_colsize4_chunk4.csv,manufacturer,2,origin
29_amazon_google_tableB_colsize4_chunk4.csv,price,3,unit_price
30_amazon_google_tableA_colsize3_chunk0.csv,id,0,amazon_google_id
30_amazon_google_tableA_colsize3_chunk0.csv,title,1,book_title
30_amazon_google_tableA_colsize3_chunk0.csv,manufacturer,2,brand
30_amazon_google_tableA_colsize3_chunk0.csv,price,3,msrp
31_amazon_google_tableA_colsize3_chunk1.csv,id,0,ag_id
31_amazon_google_tableA_colsize3_chunk1.csv,title,1,product_description
31_amazon_google_tableA_colsize3_chunk1.csv,manufacturer,2,producer
31_amazon_google_tableA_colsize3_chunk1.csv,price,3,price_tag
32_amazon_google_tableA_colsize3_chunk2.csv,id,0,item_key
32_amazon_google_tableA_colsize3_chunk2.csv,title,1,item_description
32_amazon_google_tableA_colsize3_chunk2.csv,manufacturer,2,builder
32_amazon_google_tableA_colsize3_chunk2.csv,price,3,price_amount
33_amazon_google_tableA_colsize3_chunk3.csv,id,0,amazon_google_product_id
33_amazon_google_tableA_colsize3_chunk3.csv,title,1,product_description
33_amazon_google_tableA_colsize3_chunk3.csv,manufacturer,2,origin
33_amazon_google_tableA_colsize3_chunk3.csv,price,3,price_value
34_amazon_google_tableA_colsize3_chunk4.csv,id,0,product_key
34_amazon_google_tableA_colsize3_chunk4.csv,title,1,title_desc
34_amazon_google_tableA_colsize3_chunk4.csv,manufacturer,2,maker
34_amazon_google_tableA_colsize3_chunk4.csv,price,3,list_price
35_amazon_google_tableB_colsize3_chunk0.csv,id,0,uid
35_amazon_google_tableB_colsize3_chunk0.csv,title,1,product_description
35_amazon_google_tableB_colsize3_chunk0.csv,manufacturer,2,maker_company
35_amazon_google_tableB_colsize3_chunk0.csv,price,3,unit_price
36_amazon_google_tableB_colsize3_chunk1.csv,id,0,pk
36_amazon_google_tableB_colsize3_chunk1.csv,title,1,software_title
36_amazon_google_tableB_colsize3_chunk1.csv,manufacturer,2,mfg
36_amazon_google_tableB_colsize3_chunk1.csv,price,3,cost
37_amazon_google_tableB_colsize3_chunk2.csv,id,0,unique_id
37_amazon_google_tableB_colsize3_chunk2.csv,title,1,item_description
37_amazon_google_tableB_colsize3_chunk2.csv,manufacturer,2,manufacturer_name
37_amazon_google_tableB_colsize3_chunk2.csv,price,3,unit_price
38_amazon_google_tableB_colsize3_chunk3.csv,id,0,amazon_google_id
38_amazon_google_tableB_colsize3_chunk3.csv,title,1,book_title
38_amazon_google_tableB_colsize3_chunk3.csv,manufacturer,2,mfr
38_amazon_google_tableB_colsize3_chunk3.csv,price,3,price_value
39_amazon_google_tableB_colsize3_chunk4.csv,id,0,pk
39_amazon_google_tableB_colsize3_chunk4.csv,title,1,product_desc
39_amazon_google_tableB_colsize3_chunk4.csv,manufacturer,2,manufact
39_amazon_google_tableB_colsize3_chunk4.csv,price,3,purchase_price
40_beer_tableA_colsize5_chunk0.csv,id,0,beer_serial
40_beer_tableA_colsize5_chunk0.csv,Beer_Name,1,beer_title
40_beer_tableA_colsize5_chunk0.csv,Brew_Factory_Name,2,brewer_name
40_beer_tableA_colsize5_chunk0.csv,Style,3,drink_style
40_beer_tableA_colsize5_chunk0.csv,ABV,4,vol_alc
41_beer_tableA_colsize5_chunk1.csv,id,0,beer_key
41_beer_tableA_colsize5_chunk1.csv,Beer_Name,1,beer_desc
41_beer_tableA_colsize5_chunk1.csv,Brew_Factory_Name,2,brewery_name
41_beer_tableA_colsize5_chunk1.csv,Style,3,style_type
41_beer_tableA_colsize5_chunk1.csv,ABV,4,alcohol_by_volume
42_beer_tableA_colsize5_chunk2.csv,id,0,beer_ref
42_beer_tableA_colsize5_chunk2.csv,Beer_Name,1,beer_nm
42_beer_tableA_colsize5_chunk2.csv,Brew_Factory_Name,2,producer_name
42_beer_tableA_colsize5_chunk2.csv,Style,3,beer_style
42_beer_tableA_colsize5_chunk2.csv,ABV,4,alc_vol
43_beer_tableA_colsize5_chunk3.csv,id,0,beer_key
43_beer_tableA_colsize5_chunk3.csv,Beer_Name,1,brew_product
43_beer_tableA_colsize5_chunk3.csv,Brew_Factory_Name,2,brewery_factory
43_beer_tableA_colsize5_chunk3.csv,Style,3,beer_class
43_beer_tableA_colsize5_chunk3.csv,ABV,4,beer_alc_content
44_beer_tableA_colsize5_chunk4.csv,id,0,beer_id
44_beer_tableA_colsize5_chunk4.csv,Beer_Name,1,beer_nm
44_beer_tableA_colsize5_chunk4.csv,Brew_Factory_Name,2,brew_factory
44_beer_tableA_colsize5_chunk4.csv,Style,3,drink_style
44_beer_tableA_colsize5_chunk4.csv,ABV,4,alc_vol
45_beer_tableB_colsize5_chunk0.csv,id,0,beer_key
45_beer_tableB_colsize5_chunk0.csv,Beer_Name,1,brew_nm
45_beer_tableB_colsize5_chunk0.csv,Brew_Factory_Name,2,brewery_factory
45_beer_tableB_colsize5_chunk0.csv,Style,3,beer_subtype
45_beer_tableB_colsize5_chunk0.csv,ABV,4,alcohol_pct
46_beer_tableB_colsize5_chunk1.csv,id,0,beer_id
46_beer_tableB_colsize5_chunk1.csv,Beer_Name,1,beer_item
46_beer_tableB_colsize5_chunk1.csv,Brew_Factory_Name,2,brewer_name
46_beer_tableB_colsize5_chunk1.csv,Style,3,beer_subtype
46_beer_tableB_colsize5_chunk1.csv,ABV,4,alcohol_content
47_beer_tableB_colsize5_chunk2.csv,id,0,brew_id
47_beer_tableB_colsize5_chunk2.csv,Beer_Name,1,beer_desc
47_beer_tableB_colsize5_chunk2.csv,Brew_Factory_Name,2,brew_fct_name
47_beer_tableB_colsize5_chunk2.csv,Style,3,beer_variety
47_beer_tableB_colsize5_chunk2.csv,ABV,4,beer_abv_percent
48_beer_tableB_colsize5_chunk3.csv,id,0,beer_identifier
48_beer_tableB_colsize5_chunk3.csv,Beer_Name,1,beer_desc
48_beer_tableB_colsize5_chunk3.csv,Brew_Factory_Name,2,maker_name
48_beer_tableB_colsize5_chunk3.csv,Style,3,brew_style
48_beer_tableB_colsize5_chunk3.csv,ABV,4,alcohol_pct
49_beer_tableB_colsize5_chunk4.csv,id,0,beer_pk
49_beer_tableB_colsize5_chunk4.csv,Beer_Name,1,beer_title
49_beer_tableB_colsize5_chunk4.csv,Brew_Factory_Name,2,beer_factory_name
49_beer_tableB_colsize5_chunk4.csv,Style,3,brew_type
49_beer_tableB_colsize5_chunk4.csv,ABV,4,beer_strength
50_beer_tableA_colsize4_chunk0.csv,id,0,beer_no
50_beer_tableA_colsize4_chunk0.csv,Beer_Name,1,brew_product
50_beer_tableA_colsize4_chunk0.csv,Brew_Factory_Name,2,maker_name
50_beer_tableA_colsize4_chunk0.csv,Style,3,beer_kind
50_beer_tableA_colsize4_chunk0.csv,ABV,4,abv_percentage
51_beer_tableA_colsize4_chunk1.csv,id,0,bev_id
51_beer_tableA_colsize4_chunk1.csv,Beer_Name,1,beer_nm
51_beer_tableA_colsize4_chunk1.csv,Brew_Factory_Name,2,brewery
51_beer_tableA_colsize4_chunk1.csv,Style,3,beer_style
51_beer_tableA_colsize4_chunk1.csv,ABV,4,beer_alcohol_pct
52_beer_tableA_colsize4_chunk2.csv,id,0,bev_id
52_beer_tableA_colsize4_chunk2.csv,Beer_Name,1,brew_name
52_beer_tableA_colsize4_chunk2.csv,Brew_Factory_Name,2,brew_fac_name
52_beer_tableA_colsize4_chunk2.csv,Style,3,beer_subtype
52_beer_tableA_colsize4_chunk2.csv,ABV,4,vol_alc
53_beer_tableA_colsize4_chunk3.csv,id,0,beer_uid
53_beer_tableA_colsize4_chunk3.csv,Beer_Name,1,beer_item
53_beer_tableA_colsize4_chunk3.csv,Brew_Factory_Name,2,brew_factory
53_beer_tableA_colsize4_chunk3.csv,Style,3,brew_style
53_beer_tableA_colsize4_chunk3.csv,ABV,4,beer_abv
54_beer_tableA_colsize4_chunk4.csv,id,0,beer_identifier
54_beer_tableA_colsize4_chunk4.csv,Beer_Name,1,beer_product
54_beer_tableA_colsize4_chunk4.csv,Brew_Factory_Name,2,brewery_factory
54_beer_tableA_colsize4_chunk4.csv,Style,3,beer_flavor
54_beer_tableA_colsize4_chunk4.csv,ABV,4,alcohol_by_volume
55_beer_tableB_colsize4_chunk0.csv,id,0,beer_key
55_beer_tableB_colsize4_chunk0.csv,Beer_Name,1,beer_style_name
55_beer_tableB_colsize4_chunk0.csv,Brew_Factory_Name,2,brewery
55_beer_tableB_colsize4_chunk0.csv,Style,3,beer_type
55_beer_tableB_colsize4_chunk0.csv,ABV,4,alcohol_content
56_beer_tableB_colsize4_chunk1.csv,id,0,beer_pk
56_beer_tableB_colsize4_chunk1.csv,Beer_Name,1,brew_item
56_beer_tableB_colsize4_chunk1.csv,Brew_Factory_Name,2,manufacturer_name
56_beer_tableB_colsize4_chunk1.csv,Style,3,brew_type
56_beer_tableB_colsize4_chunk1.csv,ABV,4,alcohol_by_volume
57_beer_tableB_colsize4_chunk2.csv,id,0,beer_identifier
57_beer_tableB_colsize4_chunk2.csv,Beer_Name,1,beer_nm
57_beer_tableB_colsize4_chunk2.csv,Brew_Factory_Name,2,brew_fac
57_beer_tableB_colsize4_chunk2.csv,Style,3,style_type
57_beer_tableB_colsize4_chunk2.csv,ABV,4,abv_percentage
58_beer_tableB_colsize4_chunk3.csv,id,0,beer_ref
58_beer_tableB_colsize4_chunk3.csv,Beer_Name,1,beer_product
58_beer_tableB_colsize4_chunk3.csv,Brew_Factory_Name,2,beer_factory_name
58_beer_tableB_colsize4_chunk3.csv,Style,3,brew_style
58_beer_tableB_colsize4_chunk3.csv,ABV,4,alcohol_by_volume
59_beer_tableB_colsize4_chunk4.csv,id,0,beer_id
59_beer_tableB_colsize4_chunk4.csv,Beer_Name,1,brew_product
59_beer_tableB_colsize4_chunk4.csv,Brew_Factory_Name,2,producer_name
59_beer_tableB_colsize4_chunk4.csv,Style,3,brew_style
59_beer_tableB_colsize4_chunk4.csv,ABV,4,alcohol_content
60_company_tableA_colsize2_chunk0.csv,id,0,enterprise_id
60_company_tableA_colsize2_chunk0.csv,content,1,body
61_company_tableA_colsize2_chunk1.csv,id,0,ref_id
61_company_tableA_colsize2_chunk1.csv,content,1,company_details
62_company_tableA_colsize2_chunk2.csv,id,0,business_id
62_company_tableA_colsize2_chunk2.csv,content,1,body
63_company_tableA_colsize2_chunk3.csv,id,0,uid
63_company_tableA_colsize2_chunk3.csv,content,1,details
64_company_tableA_colsize2_chunk4.csv,id,0,business_id
64_company_tableA_colsize2_chunk4.csv,content,1,content_text
65_company_tableB_colsize2_chunk0.csv,id,0,identifier
65_company_tableB_colsize2_chunk0.csv,content,1,company_content
66_company_tableB_colsize2_chunk1.csv,id,0,entity_id
66_company_tableB_colsize2_chunk1.csv,content,1,data
67_company_tableB_colsize2_chunk2.csv,id,0,ref_id
67_company_tableB_colsize2_chunk2.csv,content,1,description
68_company_tableB_colsize2_chunk3.csv,id,0,pk_id
68_company_tableB_colsize2_chunk3.csv,content,1,company_data
69_company_tableB_colsize2_chunk4.csv,id,0,company_id
69_company_tableB_colsize2_chunk4.csv,content,1,data
70_company_tableA_colsize1_chunk0.csv,id,0,pk_id
70_company_tableA_colsize1_chunk0.csv,content,1,company_description
71_company_tableA_colsize1_chunk1.csv,id,0,record_id
71_company_tableA_colsize1_chunk1.csv,content,1,text
72_company_tableA_colsize1_chunk2.csv,id,0,record_id
72_company_tableA_colsize1_chunk2.csv,content,1,description
73_company_tableA_colsize1_chunk3.csv,id,0,company_id
73_company_tableA_colsize1_chunk3.csv,content,1,company_info
74_company_tableA_colsize1_chunk4.csv,id,0,pk_id
74_company_tableA_colsize1_chunk4.csv,content,1,company_details
75_company_tableB_colsize1_chunk0.csv,id,0,uid
75_company_tableB_colsize1_chunk0.csv,content,1,company_details
76_company_tableB_colsize1_chunk1.csv,id,0,firm_id
76_company_tableB_colsize1_chunk1.csv,content,1,body
77_company_tableB_colsize1_chunk2.csv,id,0,record_id
77_company_tableB_colsize1_chunk2.csv,content,1,company_info
78_company_tableB_colsize1_chunk3.csv,id,0,corp_id
78_company_tableB_colsize1_chunk3.csv,content,1,data
79_company_tableB_colsize1_chunk4.csv,id,0,co_id
79_company_tableB_colsize1_chunk4.csv,content,1,company_description
80_dblp_acm_tableA_colsize5_chunk0.csv,id,0,doc_id
80_dblp_acm_tableA_colsize5_chunk0.csv,title,1,work_title
80_dblp_acm_tableA_colsize5_chunk0.csv,authors,2,doc_authors
80_dblp_acm_tableA_colsize5_chunk0.csv,venue,3,conf_loc
80_dblp_acm_tableA_colsize5_chunk0.csv,year,4,record_year
81_dblp_acm_tableA_colsize5_chunk1.csv,id,0,pub_id
81_dblp_acm_tableA_colsize5_chunk1.csv,title,1,title_name
81_dblp_acm_tableA_colsize5_chunk1.csv,authors,2,pub_authors
81_dblp_acm_tableA_colsize5_chunk1.csv,venue,3,pub_forum
81_dblp_acm_tableA_colsize5_chunk1.csv,year,4,article_year
82_dblp_acm_tableA_colsize5_chunk2.csv,id,0,doc_id
82_dblp_acm_tableA_colsize5_chunk2.csv,title,1,pub_desc
82_dblp_acm_tableA_colsize5_chunk2.csv,authors,2,author_names_list
82_dblp_acm_tableA_colsize5_chunk2.csv,venue,3,pub_location
82_dblp_acm_tableA_colsize5_chunk2.csv,year,4,pub_year
83_dblp_acm_tableA_colsize5_chunk3.csv,id,0,acm_record_id
83_dblp_acm_tableA_colsize5_chunk3.csv,title,1,research_title
83_dblp_acm_tableA_colsize5_chunk3.csv,authors,2,doc_authors
83_dblp_acm_tableA_colsize5_chunk3.csv,venue,3,conference_name
83_dblp_acm_tableA_colsize5_chunk3.csv,year,4,date_year
84_dblp_acm_tableA_colsize5_chunk4.csv,id,0,record_id
84_dblp_acm_tableA_colsize5_chunk4.csv,title,1,document_title
84_dblp_acm_tableA_colsize5_chunk4.csv,authors,2,author_list
84_dblp_acm_tableA_colsize5_chunk4.csv,venue,3,venue_name
84_dblp_acm_tableA_colsize5_chunk4.csv,year,4,creation_year
85_dblp_acm_tableB_colsize5_chunk0.csv,id,0,publication_id
85_dblp_acm_tableB_colsize5_chunk0.csv,title,1,journal_title
85_dblp_acm_tableB_colsize5_chunk0.csv,authors,2,contributors
85_dblp_acm_tableB_colsize5_chunk0.csv,venue,3,event_location
85_dblp_acm_tableB_colsize5_chunk0.csv,year,4,article_year
86_dblp_acm_tableB_colsize5_chunk1.csv,id,0,unique_id
86_dblp_acm_tableB_colsize5_chunk1.csv,title,1,conf_title
86_dblp_acm_tableB_colsize5_chunk1.csv,authors,2,researchers
86_dblp_acm_tableB_colsize5_chunk1.csv,venue,3,publication_venue
86_dblp_acm_tableB_colsize5_chunk1.csv,year,4,doc_year
87_dblp_acm_tableB_colsize5_chunk2.csv,id,0,acm_record_id
87_dblp_acm_tableB_colsize5_chunk2.csv,title,1,study_title
87_dblp_acm_tableB_colsize5_chunk2.csv,authors,2,author_names
87_dblp_acm_tableB_colsize5_chunk2.csv,venue,3,conference_name
87_dblp_acm_tableB_colsize5_chunk2.csv,year,4,doc_year
88_dblp_acm_tableB_colsize5_chunk3.csv,id,0,acm_record_id
88_dblp_acm_tableB_colsize5_chunk3.csv,title,1,paper_title
88_dblp_acm_tableB_colsize5_chunk3.csv,authors,2,written_by
88_dblp_acm_tableB_colsize5_chunk3.csv,venue,3,venue_name
88_dblp_acm_tableB_colsize5_chunk3.csv,year,4,date_year
89_dblp_acm_tableB_colsize5_chunk4.csv,id,0,acm_record_id
89_dblp_acm_tableB_colsize5_chunk4.csv,title,1,conf_title
89_dblp_acm_tableB_colsize5_chunk4.csv,authors,2,creators
89_dblp_acm_tableB_colsize5_chunk4.csv,venue,3,journal_name
89_dblp_acm_tableB_colsize5_chunk4.csv,year,4,date_year
90_dblp_acm_tableA_colsize4_chunk0.csv,id,0,acm_dblp_id
90_dblp_acm_tableA_colsize4_chunk0.csv,title,1,study_title
90_dblp_acm_tableA_colsize4_chunk0.csv,authors,2,authors_list
90_dblp_acm_tableA_colsize4_chunk0.csv,venue,3,pub_location
90_dblp_acm_tableA_colsize4_chunk0.csv,year,4,yr
91_dblp_acm_tableA_colsize4_chunk1.csv,id,0,ref_id
91_dblp_acm_tableA_colsize4_chunk1.csv,title,1,journal_title
91_dblp_acm_tableA_colsize4_chunk1.csv,authors,2,contributors
91_dblp_acm_tableA_colsize4_chunk1.csv,venue,3,pub_forum
91_dblp_acm_tableA_colsize4_chunk1.csv,year,4,timestamp_year
92_dblp_acm_tableA_colsize4_chunk2.csv,id,0,paper_id
92_dblp_acm_tableA_colsize4_chunk2.csv,title,1,pub_name
92_dblp_acm_tableA_colsize4_chunk2.csv,authors,2,pub_authors
92_dblp_acm_tableA_colsize4_chunk2.csv,venue,3,proc_venue
92_dblp_acm_tableA_colsize4_chunk2.csv,year,4,event_year
93_dblp_acm_tableA_colsize4_chunk3.csv,id,0,doc_id
93_dblp_acm_tableA_colsize4_chunk3.csv,title,1,study_title
93_dblp_acm_tableA_colsize4_chunk3.csv,authors,2,doc_authors
93_dblp_acm_tableA_colsize4_chunk3.csv,venue,3,pub_forum
93_dblp_acm_tableA_colsize4_chunk3.csv,year,4,year_published
94_dblp_acm_tableA_colsize4_chunk4.csv,id,0,record_id
94_dblp_acm_tableA_colsize4_chunk4.csv,title,1,document_title
94_dblp_acm_tableA_colsize4_chunk4.csv,authors,2,collaborators
94_dblp_acm_tableA_colsize4_chunk4.csv,venue,3,publication_venue
94_dblp_acm_tableA_colsize4_chunk4.csv,year,4,time_year
95_dblp_acm_tableB_colsize4_chunk0.csv,id,0,acm_record_id
95_dblp_acm_tableB_colsize4_chunk0.csv,title,1,pub_title
95_dblp_acm_tableB_colsize4_chunk0.csv,authors,2,writers
95_dblp_acm_tableB_colsize4_chunk0.csv,venue,3,journal_name
95_dblp_acm_tableB_colsize4_chunk0.csv,year,4,pubdate_year
96_dblp_acm_tableB_colsize4_chunk1.csv,id,0,dblp_id
96_dblp_acm_tableB_colsize4_chunk1.csv,title,1,journal_title
96_dblp_acm_tableB_colsize4_chunk1.csv,authors,2,authors_list
96_dblp_acm_tableB_colsize4_chunk1.csv,venue,3,event_location
96_dblp_acm_tableB_colsize4_chunk1.csv,year,4,event_year
97_dblp_acm_tableB_colsize4_chunk2.csv,id,0,acm_id
97_dblp_acm_tableB_colsize4_chunk2.csv,title,1,pub_desc
97_dblp_acm_tableB_colsize4_chunk2.csv,authors,2,authors_list
97_dblp_acm_tableB_colsize4_chunk2.csv,venue,3,journal_name
97_dblp_acm_tableB_colsize4_chunk2.csv,year,4,event_year
98_dblp_acm_tableB_colsize4_chunk3.csv,id,0,acm_id
98_dblp_acm_tableB_colsize4_chunk3.csv,title,1,title_name
98_dblp_acm_tableB_colsize4_chunk3.csv,authors,2,researchers
98_dblp_acm_tableB_colsize4_chunk3.csv,venue,3,conf_venue
98_dblp_acm_tableB_colsize4_chunk3.csv,year,4,year_published
99_dblp_acm_tableB_colsize4_chunk4.csv,id,0,entry_id
99_dblp_acm_tableB_colsize4_chunk4.csv,title,1,paper_title
99_dblp_acm_tableB_colsize4_chunk4.csv,authors,2,paper_authors
99_dblp_acm_tableB_colsize4_chunk4.csv,venue,3,event_site
99_dblp_acm_tableB_colsize4_chunk4.csv,year,4,release_year
100_dblp_scholar_tableA_colsize5_chunk0.csv,id,0,paper_id
100_dblp_scholar_tableA_colsize5_chunk0.csv,title,1,article_title
100_dblp_scholar_tableA_colsize5_chunk0.csv,authors,2,creator_names
100_dblp_scholar_tableA_colsize5_chunk0.csv,venue,3,conf_abbrev
100_dblp_scholar_tableA_colsize5_chunk0.csv,year,4,publication_yr
101_dblp_scholar_tableA_colsize5_chunk1.csv,id,0,ref_id
101_dblp_scholar_tableA_colsize5_chunk1.csv,title,1,paper_name
101_dblp_scholar_tableA_colsize5_chunk1.csv,authors,2,authors_list
101_dblp_scholar_tableA_colsize5_chunk1.csv,venue,3,pub_venue
101_dblp_scholar_tableA_colsize5_chunk1.csv,year,4,publication_yr
102_dblp_scholar_tableA_colsize5_chunk2.csv,id,0,paper_id
102_dblp_scholar_tableA_colsize5_chunk2.csv,title,1,paper_title
102_dblp_scholar_tableA_colsize5_chunk2.csv,authors,2,creator_list
102_dblp_scholar_tableA_colsize5_chunk2.csv,venue,3,event_abbr
102_dblp_scholar_tableA_colsize5_chunk2.csv,year,4,yr_published
103_dblp_scholar_tableA_colsize5_chunk3.csv,id,0,unique_id
103_dblp_scholar_tableA_colsize5_chunk3.csv,title,1,pub_title
103_dblp_scholar_tableA_colsize5_chunk3.csv,authors,2,authors_list
103_dblp_scholar_tableA_colsize5_chunk3.csv,venue,3,publication_venue
103_dblp_scholar_tableA_colsize5_chunk3.csv,year,4,year_published
104_dblp_scholar_tableA_colsize5_chunk4.csv,id,0,pub_id
104_dblp_scholar_tableA_colsize5_chunk4.csv,title,1,capt_title
104_dblp_scholar_tableA_colsize5_chunk4.csv,authors,2,creator_list
104_dblp_scholar_tableA_colsize5_chunk4.csv,venue,3,venue_name
104_dblp_scholar_tableA_colsize5_chunk4.csv,year,4,published_yr
105_dblp_scholar_tableB_colsize5_chunk0.csv,id,0,pub_id
105_dblp_scholar_tableB_colsize5_chunk0.csv,title,1,subject_title
105_dblp_scholar_tableB_colsize5_chunk0.csv,authors,2,written_by
105_dblp_scholar_tableB_colsize5_chunk0.csv,venue,3,publication_venue
105_dblp_scholar_tableB_colsize5_chunk0.csv,year,4,pub_year
106_dblp_scholar_tableB_colsize5_chunk1.csv,id,0,item_id
106_dblp_scholar_tableB_colsize5_chunk1.csv,title,1,paper_name
106_dblp_scholar_tableB_colsize5_chunk1.csv,authors,2,author_team
106_dblp_scholar_tableB_colsize5_chunk1.csv,venue,3,series_name
106_dblp_scholar_tableB_colsize5_chunk1.csv,year,4,doc_year
107_dblp_scholar_tableB_colsize5_chunk2.csv,id,0,scholar_id
107_dblp_scholar_tableB_colsize5_chunk2.csv,title,1,subject_title
107_dblp_scholar_tableB_colsize5_chunk2.csv,authors,2,author_group
107_dblp_scholar_tableB_colsize5_chunk2.csv,venue,3,conf_abbrev
107_dblp_scholar_tableB_colsize5_chunk2.csv,year,4,pub_date
108_dblp_scholar_tableB_colsize5_chunk3.csv,id,0,scholar_id
108_dblp_scholar_tableB_colsize5_chunk3.csv,title,1,pub_title
108_dblp_scholar_tableB_colsize5_chunk3.csv,authors,2,auth_names
108_dblp_scholar_tableB_colsize5_chunk3.csv,venue,3,journal_name
108_dblp_scholar_tableB_colsize5_chunk3.csv,year,4,published_yr
109_dblp_scholar_tableB_colsize5_chunk4.csv,id,0,record_id
109_dblp_scholar_tableB_colsize5_chunk4.csv,title,1,paper_name
109_dblp_scholar_tableB_colsize5_chunk4.csv,authors,2,pub_authors
109_dblp_scholar_tableB_colsize5_chunk4.csv,venue,3,pub_forum
109_dblp_scholar_tableB_colsize5_chunk4.csv,year,4,yr_published
110_dblp_scholar_tableA_colsize4_chunk0.csv,id,0,scholar_id
110_dblp_scholar_tableA_colsize4_chunk0.csv,title,1,research_title
110_dblp_scholar_tableA_colsize4_chunk0.csv,authors,2,creator_list
110_dblp_scholar_tableA_colsize4_chunk0.csv,venue,3,proceedings
110_dblp_scholar_tableA_colsize4_chunk0.csv,year,4,publication_yr
111_dblp_scholar_tableA_colsize4_chunk1.csv,id,0,object_id
111_dblp_scholar_tableA_colsize4_chunk1.csv,title,1,doc_name
111_dblp_scholar_tableA_colsize4_chunk1.csv,authors,2,written_by
111_dblp_scholar_tableA_colsize4_chunk1.csv,venue,3,publication_venue
111_dblp_scholar_tableA_colsize4_chunk1.csv,year,4,pub_yr
112_dblp_scholar_tableA_colsize4_chunk2.csv,id,0,paper_id
112_dblp_scholar_tableA_colsize4_chunk2.csv,title,1,paper_title
112_dblp_scholar_tableA_colsize4_chunk2.csv,authors,2,author_list
112_dblp_scholar_tableA_colsize4_chunk2.csv,venue,3,conf_journal
112_dblp_scholar_tableA_colsize4_chunk2.csv,year,4,year_published
113_dblp_scholar_tableA_colsize4_chunk3.csv,id,0,ref_id
113_dblp_scholar_tableA_colsize4_chunk3.csv,title,1,paper_subject
113_dblp_scholar_tableA_colsize4_chunk3.csv,authors,2,paper_authors
113_dblp_scholar_tableA_colsize4_chunk3.csv,venue,3,series_name
113_dblp_scholar_tableA_colsize4_chunk3.csv,year,4,pub_year
114_dblp_scholar_tableA_colsize4_chunk4.csv,id,0,ref_id
114_dblp_scholar_tableA_colsize4_chunk4.csv,title,1,capt_title
114_dblp_scholar_tableA_colsize4_chunk4.csv,authors,2,contributors
114_dblp_scholar_tableA_colsize4_chunk4.csv,venue,3,source_name
114_dblp_scholar_tableA_colsize4_chunk4.csv,year,4,pub_yr
115_dblp_scholar_tableB_colsize4_chunk0.csv,id,0,doc_id
115_dblp_scholar_tableB_colsize4_chunk0.csv,title,1,subject_title
115_dblp_scholar_tableB_colsize4_chunk0.csv,authors,2,researchers
115_dblp_scholar_tableB_colsize4_chunk0.csv,venue,3,conf_journal
115_dblp_scholar_tableB_colsize4_chunk0.csv,year,4,pub_year_val
116_dblp_scholar_tableB_colsize4_chunk1.csv,id,0,dblp_scholar_id
116_dblp_scholar_tableB_colsize4_chunk1.csv,title,1,topic_title
116_dblp_scholar_tableB_colsize4_chunk1.csv,authors,2,creator_list
116_dblp_scholar_tableB_colsize4_chunk1.csv,venue,3,journal_name
116_dblp_scholar_tableB_colsize4_chunk1.csv,year,4,yr_published
117_dblp_scholar_tableB_colsize4_chunk2.csv,id,0,publication_id
117_dblp_scholar_tableB_colsize4_chunk2.csv,title,1,work_title
117_dblp_scholar_tableB_colsize4_chunk2.csv,authors,2,paper_authors
117_dblp_scholar_tableB_colsize4_chunk2.csv,venue,3,journal_name
117_dblp_scholar_tableB_colsize4_chunk2.csv,year,4,pub_year_val
118_dblp_scholar_tableB_colsize4_chunk3.csv,id,0,object_id
118_dblp_scholar_tableB_colsize4_chunk3.csv,title,1,document_title
118_dblp_scholar_tableB_colsize4_chunk3.csv,authors,2,author_team
118_dblp_scholar_tableB_colsize4_chunk3.csv,venue,3,event_name
118_dblp_scholar_tableB_colsize4_chunk3.csv,year,4,publication_year
119_dblp_scholar_tableB_colsize4_chunk4.csv,id,0,pub_id
119_dblp_scholar_tableB_colsize4_chunk4.csv,title,1,pub_name
119_dblp_scholar_tableB_colsize4_chunk4.csv,authors,2,researchers
119_dblp_scholar_tableB_colsize4_chunk4.csv,venue,3,conf_journal
119_dblp_scholar_tableB_colsize4_chunk4.csv,year,4,doc_year
120_fodors_zagat_tableA_colsize7_chunk0.csv,id,0,rest_id
120_fodors_zagat_tableA_colsize7_chunk0.csv,name,1,place_name
120_fodors_zagat_tableA_colsize7_chunk0.csv,addr,2,location_address
120_fodors_zagat_tableA_colsize7_chunk0.csv,city,3,urban_center
120_fodors_zagat_tableA_colsize7_chunk0.csv,phone,4,tel
120_fodors_zagat_tableA_colsize7_chunk0.csv,type,5,cuisine
120_fodors_zagat_tableA_colsize7_chunk0.csv,class,6,grade
121_fodors_zagat_tableA_colsize7_chunk1.csv,id,0,establishment_id
121_fodors_zagat_tableA_colsize7_chunk1.csv,name,1,restaurant_name
121_fodors_zagat_tableA_colsize7_chunk1.csv,addr,2,postal_address
121_fodors_zagat_tableA_colsize7_chunk1.csv,city,3,metro_area
121_fodors_zagat_tableA_colsize7_chunk1.csv,phone,4,phone_number
121_fodors_zagat_tableA_colsize7_chunk1.csv,type,5,restaurant_category
121_fodors_zagat_tableA_colsize7_chunk1.csv,class,6,rate_val
122_fodors_zagat_tableA_colsize7_chunk2.csv,id,0,location_id
122_fodors_zagat_tableA_colsize7_chunk2.csv,name,1,business_name
122_fodors_zagat_tableA_colsize7_chunk2.csv,addr,2,postal_address
122_fodors_zagat_tableA_colsize7_chunk2.csv,city,3,municipality
122_fodors_zagat_tableA_colsize7_chunk2.csv,phone,4,phone_num
122_fodors_zagat_tableA_colsize7_chunk2.csv,type,5,restaurant_category
122_fodors_zagat_tableA_colsize7_chunk2.csv,class,6,restaurant_rating
123_fodors_zagat_tableA_colsize7_chunk3.csv,id,0,record_id
123_fodors_zagat_tableA_colsize7_chunk3.csv,name,1,restaurant_title
123_fodors_zagat_tableA_colsize7_chunk3.csv,addr,2,billing_address
123_fodors_zagat_tableA_colsize7_chunk3.csv,city,3,municipality
123_fodors_zagat_tableA_colsize7_chunk3.csv,phone,4,contact_phone
123_fodors_zagat_tableA_colsize7_chunk3.csv,type,5,restaurant_style
123_fodors_zagat_tableA_colsize7_chunk3.csv,class,6,rank
124_fodors_zagat_tableA_colsize7_chunk4.csv,id,0,establishment_id
124_fodors_zagat_tableA_colsize7_chunk4.csv,name,1,dining_spot_name
124_fodors_zagat_tableA_colsize7_chunk4.csv,addr,2,billing_address
124_fodors_zagat_tableA_colsize7_chunk4.csv,city,3,locality
124_fodors_zagat_tableA_colsize7_chunk4.csv,phone,4,business_phone
124_fodors_zagat_tableA_colsize7_chunk4.csv,type,5,food_type
124_fodors_zagat_tableA_colsize7_chunk4.csv,class,6,rating
125_fodors_zagat_tableB_colsize7_chunk0.csv,id,0,r_id
125_fodors_zagat_tableB_colsize7_chunk0.csv,name,1,restaurant_title
125_fodors_zagat_tableB_colsize7_chunk0.csv,addr,2,full_address
125_fodors_zagat_tableB_colsize7_chunk0.csv,city,3,city_name
125_fodors_zagat_tableB_colsize7_chunk0.csv,phone,4,contact_phone
125_fodors_zagat_tableB_colsize7_chunk0.csv,type,5,food_type
125_fodors_zagat_tableB_colsize7_chunk0.csv,class,6,rating
126_fodors_zagat_tableB_colsize7_chunk1.csv,id,0,restaurant_id
126_fodors_zagat_tableB_colsize7_chunk1.csv,name,1,biz_nm
126_fodors_zagat_tableB_colsize7_chunk1.csv,addr,2,postal_address
126_fodors_zagat_tableB_colsize7_chunk1.csv,city,3,district
126_fodors_zagat_tableB_colsize7_chunk1.csv,phone,4,business_phone
126_fodors_zagat_tableB_colsize7_chunk1.csv,type,5,restaurant_category
126_fodors_zagat_tableB_colsize7_chunk1.csv,class,6,rate_val
127_fodors_zagat_tableB_colsize7_chunk2.csv,id,0,record_id
127_fodors_zagat_tableB_colsize7_chunk2.csv,name,1,venue_name
127_fodors_zagat_tableB_colsize7_chunk2.csv,addr,2,postal_address
127_fodors_zagat_tableB_colsize7_chunk2.csv,city,3,place
127_fodors_zagat_tableB_colsize7_chunk2.csv,phone,4,tel
127_fodors_zagat_tableB_colsize7_chunk2.csv,type,5,dining_category
127_fodors_zagat_tableB_colsize7_chunk2.csv,class,6,restaurant_rating
128_fodors_zagat_tableA_colsize6_chunk0.csv,id,0,place_id
128_fodors_zagat_tableA_colsize6_chunk0.csv,name,1,restaurant_nm
128_fodors_zagat_tableA_colsize6_chunk0.csv,addr,2,street_address
128_fodors_zagat_tableA_colsize6_chunk0.csv,city,3,urban_center
128_fodors_zagat_tableA_colsize6_chunk0.csv,phone,4,phone_no
128_fodors_zagat_tableA_colsize6_chunk0.csv,type,5,cuisine_type
128_fodors_zagat_tableA_colsize6_chunk0.csv,class,6,restaurant_rating
129_fodors_zagat_tableA_colsize6_chunk1.csv,id,0,establishment_id
129_fodors_zagat_tableA_colsize6_chunk1.csv,name,1,restaurant_nm
129_fodors_zagat_tableA_colsize6_chunk1.csv,addr,2,physical_address
129_fodors_zagat_tableA_colsize6_chunk1.csv,city,3,location_city
129_fodors_zagat_tableA_colsize6_chunk1.csv,phone,4,telephone_num
129_fodors_zagat_tableA_colsize6_chunk1.csv,type,5,category
129_fodors_zagat_tableA_colsize6_chunk1.csv,class,6,restaurant_class
130_fodors_zagat_tableA_colsize6_chunk2.csv,id,0,restaurant_id
130_fodors_zagat_tableA_colsize6_chunk2.csv,name,1,restaurant_nm
130_fodors_zagat_tableA_colsize6_chunk2.csv,addr,2,address
130_fodors_zagat_tableA_colsize6_chunk2.csv,city,3,urban_center
130_fodors_zagat_tableA_colsize6_chunk2.csv,phone,4,phone_contact
130_fodors_zagat_tableA_colsize6_chunk2.csv,type,5,food_type
130_fodors_zagat_tableA_colsize6_chunk2.csv,class,6,restaurant_class
131_fodors_zagat_tableA_colsize6_chunk3.csv,id,0,restaurant_id
131_fodors_zagat_tableA_colsize6_chunk3.csv,name,1,restaurant_name
131_fodors_zagat_tableA_colsize6_chunk3.csv,addr,2,location_address
131_fodors_zagat_tableA_colsize6_chunk3.csv,city,3,city_name
131_fodors_zagat_tableA_colsize6_chunk3.csv,phone,4,business_phone
131_fodors_zagat_tableA_colsize6_chunk3.csv,type,5,category
131_fodors_zagat_tableA_colsize6_chunk3.csv,class,6,quality_score
132_fodors_zagat_tableA_colsize6_chunk4.csv,id,0,p_id
132_fodors_zagat_tableA_colsize6_chunk4.csv,name,1,establishment_name
132_fodors_zagat_tableA_colsize6_chunk4.csv,addr,2,address
132_fodors_zagat_tableA_colsize6_chunk4.csv,city,3,urban_center
132_fodors_zagat_tableA_colsize6_chunk4.csv,phone,4,tel
132_fodors_zagat_tableA_colsize6_chunk4.csv,type,5,cuisine
132_fodors_zagat_tableA_colsize6_chunk4.csv,class,6,grade
133_fodors_zagat_tableB_colsize6_chunk0.csv,id,0,location_id
133_fodors_zagat_tableB_colsize6_chunk0.csv,name,1,restaurant_name
133_fodors_zagat_tableB_colsize6_chunk0.csv,addr,2,address
133_fodors_zagat_tableB_colsize6_chunk0.csv,city,3,place
133_fodors_zagat_tableB_colsize6_chunk0.csv,phone,4,contact_phone
133_fodors_zagat_tableB_colsize6_chunk0.csv,type,5,dining_category
133_fodors_zagat_tableB_colsize6_chunk0.csv,class,6,classification
134_fodors_zagat_tableB_colsize6_chunk1.csv,id,0,record_id
134_fodors_zagat_tableB_colsize6_chunk1.csv,name,1,place_name
134_fodors_zagat_tableB_colsize6_chunk1.csv,addr,2,location_address
134_fodors_zagat_tableB_colsize6_chunk1.csv,city,3,district
134_fodors_zagat_tableB_colsize6_chunk1.csv,phone,4,phone_num
134_fodors_zagat_tableB_colsize6_chunk1.csv,type,5,restaurant_type
134_fodors_zagat_tableB_colsize6_chunk1.csv,class,6,score
135_fodors_zagat_tableB_colsize6_chunk2.csv,id,0,restaurant_id
135_fodors_zagat_tableB_colsize6_chunk2.csv,name,1,establishment_name
135_fodors_zagat_tableB_colsize6_chunk2.csv,addr,2,physical_address
135_fodors_zagat_tableB_colsize6_chunk2.csv,city,3,city_name
135_fodors_zagat_tableB_colsize6_chunk2.csv,phone,4,phone_number
135_fodors_zagat_tableB_colsize6_chunk2.csv,type,5,restaurant_category
135_fodors_zagat_tableB_colsize6_chunk2.csv,class,6,quality_score
136_itunes_amazon_tableA_colsize9_chunk0.csv,id,0,entry_id
136_itunes_amazon_tableA_colsize9_chunk0.csv,Song_Name,1,track
136_itunes_amazon_tableA_colsize9_chunk0.csv,Artist_Name,2,artist_title
136_itunes_amazon_tableA_colsize9_chunk0.csv,Album_Name,3,album
136_itunes_amazon_tableA_colsize9_chunk0.csv,Genre,4,music_style
136_itunes_amazon_tableA_colsize9_chunk0.csv,Price,5,music_price
136_itunes_amazon_tableA_colsize9_chunk0.csv,CopyRight,6,copyright_info
136_itunes_amazon_tableA_colsize9_chunk0.csv,Time,7,duration_min
136_itunes_amazon_tableA_colsize9_chunk0.csv,Released,8,issue_date
137_itunes_amazon_tableA_colsize9_chunk1.csv,id,0,song_entry_id
137_itunes_amazon_tableA_colsize9_chunk1.csv,Song_Name,1,song_label
137_itunes_amazon_tableA_colsize9_chunk1.csv,Artist_Name,2,singer
137_itunes_amazon_tableA_colsize9_chunk1.csv,Album_Name,3,album_title
137_itunes_amazon_tableA_colsize9_chunk1.csv,Genre,4,track_genre
137_itunes_amazon_tableA_colsize9_chunk1.csv,Price,5,purchase_price
137_itunes_amazon_tableA_colsize9_chunk1.csv,CopyRight,6,record_label
137_itunes_amazon_tableA_colsize9_chunk1.csv,Time,7,time_length
137_itunes_amazon_tableA_colsize9_chunk1.csv,Released,8,launch_date
138_itunes_amazon_tableA_colsize9_chunk2.csv,id,0,song_entry_id
138_itunes_amazon_tableA_colsize9_chunk2.csv,Song_Name,1,music_title
138_itunes_amazon_tableA_colsize9_chunk2.csv,Artist_Name,2,performer_name
138_itunes_amazon_tableA_colsize9_chunk2.csv,Album_Name,3,album_title_name
138_itunes_amazon_tableA_colsize9_chunk2.csv,Genre,4,genre_name
138_itunes_amazon_tableA_colsize9_chunk2.csv,Price,5,price_amount
138_itunes_amazon_tableA_colsize9_chunk2.csv,CopyRight,6,rights_info
138_itunes_amazon_tableA_colsize9_chunk2.csv,Time,7,track_time
138_itunes_amazon_tableA_colsize9_chunk2.csv,Released,8,release_day
139_itunes_amazon_tableA_colsize9_chunk3.csv,id,0,song_id
139_itunes_amazon_tableA_colsize9_chunk3.csv,Song_Name,1,song_label
139_itunes_amazon_tableA_colsize9_chunk3.csv,Artist_Name,2,creator
139_itunes_amazon_tableA_colsize9_chunk3.csv,Album_Name,3,album
139_itunes_amazon_tableA_colsize9_chunk3.csv,Genre,4,genre_class
139_itunes_amazon_tableA_colsize9_chunk3.csv,Price,5,paid_amount
139_itunes_amazon_tableA_colsize9_chunk3.csv,CopyRight,6,copyright_text
139_itunes_amazon_tableA_colsize9_chunk3.csv,Time,7,song_duration
139_itunes_amazon_tableA_colsize9_chunk3.csv,Released,8,publication_date
140_itunes_amazon_tableA_colsize9_chunk4.csv,id,0,item_id
140_itunes_amazon_tableA_colsize9_chunk4.csv,Song_Name,1,song_title
140_itunes_amazon_tableA_colsize9_chunk4.csv,Artist_Name,2,singer_name
140_itunes_amazon_tableA_colsize9_chunk4.csv,Album_Name,3,music_album
140_itunes_amazon_tableA_colsize9_chunk4.csv,Genre,4,genre_class
140_itunes_amazon_tableA_colsize9_chunk4.csv,Price,5,item_price
140_itunes_amazon_tableA_colsize9_chunk4.csv,CopyRight,6,copyright_details
140_itunes_amazon_tableA_colsize9_chunk4.csv,Time,7,play_time
140_itunes_amazon_tableA_colsize9_chunk4.csv,Released,8,release_date
141_itunes_amazon_tableB_colsize9_chunk0.csv,id,0,amazon_id
141_itunes_amazon_tableB_colsize9_chunk0.csv,Song_Name,1,song_title
141_itunes_amazon_tableB_colsize9_chunk0.csv,Artist_Name,2,creator
141_itunes_amazon_tableB_colsize9_chunk0.csv,Album_Name,3,music_album
141_itunes_amazon_tableB_colsize9_chunk0.csv,Genre,4,genre_classification
141_itunes_amazon_tableB_colsize9_chunk0.csv,Price,5,tune_price
141_itunes_amazon_tableB_colsize9_chunk0.csv,CopyRight,6,rights_info
141_itunes_amazon_tableB_colsize9_chunk0.csv,Time,7,song_duration
141_itunes_amazon_tableB_colsize9_chunk0.csv,Released,8,available_date
142_itunes_amazon_tableB_colsize9_chunk1.csv,id,0,song_id
142_itunes_amazon_tableB_colsize9_chunk1.csv,Song_Name,1,song_name_text
142_itunes_amazon_tableB_colsize9_chunk1.csv,Artist_Name,2,performer
142_itunes_amazon_tableB_colsize9_chunk1.csv,Album_Name,3,collection_name
142_itunes_amazon_tableB_colsize9_chunk1.csv,Genre,4,genre_desc
142_itunes_amazon_tableB_colsize9_chunk1.csv,Price,5,price_tag
142_itunes_amazon_tableB_colsize9_chunk1.csv,CopyRight,6,publisher_info
142_itunes_amazon_tableB_colsize9_chunk1.csv,Time,7,duration_min
142_itunes_amazon_tableB_colsize9_chunk1.csv,Released,8,date_released
143_itunes_amazon_tableB_colsize9_chunk2.csv,id,0,music_entry_id
143_itunes_amazon_tableB_colsize9_chunk2.csv,Song_Name,1,music_title
143_itunes_amazon_tableB_colsize9_chunk2.csv,Artist_Name,2,artist_name_str
143_itunes_amazon_tableB_colsize9_chunk2.csv,Album_Name,3,album_title
143_itunes_amazon_tableB_colsize9_chunk2.csv,Genre,4,track_genre
143_itunes_amazon_tableB_colsize9_chunk2.csv,Price,5,purchase_price
143_itunes_amazon_tableB_colsize9_chunk2.csv,CopyRight,6,record_label
143_itunes_amazon_tableB_colsize9_chunk2.csv,Time,7,run_time
143_itunes_amazon_tableB_colsize9_chunk2.csv,Released,8,release_time
144_itunes_amazon_tableB_colsize9_chunk3.csv,id,0,music_entry_id
144_itunes_amazon_tableB_colsize9_chunk3.csv,Song_Name,1,song
144_itunes_amazon_tableB_colsize9_chunk3.csv,Artist_Name,2,musician
144_itunes_amazon_tableB_colsize9_chunk3.csv,Album_Name,3,album_name
144_itunes_amazon_tableB_colsize9_chunk3.csv,Genre,4,style
144_itunes_amazon_tableB_colsize9_chunk3.csv,Price,5,item_price
144_itunes_amazon_tableB_colsize9_chunk3.csv,CopyRight,6,label_info
144_itunes_amazon_tableB_colsize9_chunk3.csv,Time,7,total_time
144_itunes_amazon_tableB_colsize9_chunk3.csv,Released,8,release_time
145_itunes_amazon_tableB_colsize9_chunk4.csv,id,0,track_no
145_itunes_amazon_tableB_colsize9_chunk4.csv,Song_Name,1,song_name
145_itunes_amazon_tableB_colsize9_chunk4.csv,Artist_Name,2,creator
145_itunes_amazon_tableB_colsize9_chunk4.csv,Album_Name,3,album_title_name
145_itunes_amazon_tableB_colsize9_chunk4.csv,Genre,4,music_genre_type
145_itunes_amazon_tableB_colsize9_chunk4.csv,Price,5,price_amount
145_itunes_amazon_tableB_colsize9_chunk4.csv,CopyRight,6,label_info
145_itunes_amazon_tableB_colsize9_chunk4.csv,Time,7,song_duration
145_itunes_amazon_tableB_colsize9_chunk4.csv,Released,8,song_release_date
146_itunes_amazon_tableA_colsize8_chunk0.csv,id,0,media_id
146_itunes_amazon_tableA_colsize8_chunk0.csv,Song_Name,1,track
146_itunes_amazon_tableA_colsize8_chunk0.csv,Artist_Name,2,performer
146_itunes_amazon_tableA_colsize8_chunk0.csv,Album_Name,3,album_title_nm
146_itunes_amazon_tableA_colsize8_chunk0.csv,Genre,4,style
146_itunes_amazon_tableA_colsize8_chunk0.csv,Price,5,song_price
146_itunes_amazon_tableA_colsize8_chunk0.csv,CopyRight,6,copyright_text
146_itunes_amazon_tableA_colsize8_chunk0.csv,Time,7,musical_length
146_itunes_amazon_tableA_colsize8_chunk0.csv,Released,8,music_release_date
147_itunes_amazon_tableA_colsize8_chunk1.csv,id,0,item_id
147_itunes_amazon_tableA_colsize8_chunk1.csv,Song_Name,1,track_title
147_itunes_amazon_tableA_colsize8_chunk1.csv,Artist_Name,2,performer_name
147_itunes_amazon_tableA_colsize8_chunk1.csv,Album_Name,3,release_album
147_itunes_amazon_tableA_colsize8_chunk1.csv,Genre,4,music_style
147_itunes_amazon_tableA_colsize8_chunk1.csv,Price,5,track_price
147_itunes_amazon_tableA_colsize8_chunk1.csv,CopyRight,6,copyright_notice
147_itunes_amazon_tableA_colsize8_chunk1.csv,Time,7,duration_sec
147_itunes_amazon_tableA_colsize8_chunk1.csv,Released,8,track_release_date
148_itunes_amazon_tableA_colsize8_chunk2.csv,id,0,entry_id
148_itunes_amazon_tableA_colsize8_chunk2.csv,Song_Name,1,song_name_text
148_itunes_amazon_tableA_colsize8_chunk2.csv,Artist_Name,2,artist_label
148_itunes_amazon_tableA_colsize8_chunk2.csv,Album_Name,3,alb_title
148_itunes_amazon_tableA_colsize8_chunk2.csv,Genre,4,music_genre
148_itunes_amazon_tableA_colsize8_chunk2.csv,Price,5,download_price
148_itunes_amazon_tableA_colsize8_chunk2.csv,CopyRight,6,rights_info
148_itunes_amazon_tableA_colsize8_chunk2.csv,Time,7,play_time
148_itunes_amazon_tableA_colsize8_chunk2.csv,Released,8,release_day
149_itunes_amazon_tableA_colsize8_chunk3.csv,id,0,digital_track_id
149_itunes_amazon_tableA_colsize8_chunk3.csv,Song_Name,1,sng_nm
149_itunes_amazon_tableA_colsize8_chunk3.csv,Artist_Name,2,artist_name
149_itunes_amazon_tableA_colsize8_chunk3.csv,Album_Name,3,release_album
149_itunes_amazon_tableA_colsize8_chunk3.csv,Genre,4,genre_desc
149_itunes_amazon_tableA_colsize8_chunk3.csv,Price,5,price_usd
149_itunes_amazon_tableA_colsize8_chunk3.csv,CopyRight,6,label_info
149_itunes_amazon_tableA_colsize8_chunk3.csv,Time,7,song_duration
149_itunes_amazon_tableA_colsize8_chunk3.csv,Released,8,published_on
150_itunes_amazon_tableA_colsize8_chunk4.csv,id,0,itunes_track_id
150_itunes_amazon_tableA_colsize8_chunk4.csv,Song_Name,1,music_name
150_itunes_amazon_tableA_colsize8_chunk4.csv,Artist_Name,2,artist_label
150_itunes_amazon_tableA_colsize8_chunk4.csv,Album_Name,3,music_album
150_itunes_amazon_tableA_colsize8_chunk4.csv,Genre,4,music_style
150_itunes_amazon_tableA_colsize8_chunk4.csv,Price,5,price_amount
150_itunes_amazon_tableA_colsize8_chunk4.csv,CopyRight,6,copyright_text
150_itunes_amazon_tableA_colsize8_chunk4.csv,Time,7,length
150_itunes_amazon_tableA_colsize8_chunk4.csv,Released,8,release_date
151_itunes_amazon_tableB_colsize8_chunk0.csv,id,0,media_id
151_itunes_amazon_tableB_colsize8_chunk0.csv,Song_Name,1,track
151_itunes_amazon_tableB_colsize8_chunk0.csv,Artist_Name,2,artist_label
151_itunes_amazon_tableB_colsize8_chunk0.csv,Album_Name,3,alb_nm
151_itunes_amazon_tableB_colsize8_chunk0.csv,Genre,4,song_category
151_itunes_amazon_tableB_colsize8_chunk0.csv,Price,5,download_price
151_itunes_amazon_tableB_colsize8_chunk0.csv,CopyRight,6,rights_details
151_itunes_amazon_tableB_colsize8_chunk0.csv,Time,7,duration
151_itunes_amazon_tableB_colsize8_chunk0.csv,Released,8,publication_date
152_itunes_amazon_tableB_colsize8_chunk1.csv,id,0,digital_track_id
152_itunes_amazon_tableB_colsize8_chunk1.csv,Song_Name,1,track_label
152_itunes_amazon_tableB_colsize8_chunk1.csv,Artist_Name,2,singer_name
152_itunes_amazon_tableB_colsize8_chunk1.csv,Album_Name,3,album
152_itunes_amazon_tableB_colsize8_chunk1.csv,Genre,4,genre_classification
152_itunes_amazon_tableB_colsize8_chunk1.csv,Price,5,music_price
152_itunes_amazon_tableB_colsize8_chunk1.csv,CopyRight,6,rights_info
152_itunes_amazon_tableB_colsize8_chunk1.csv,Time,7,time_min
152_itunes_amazon_tableB_colsize8_chunk1.csv,Released,8,song_release_date
153_itunes_amazon_tableB_colsize8_chunk2.csv,id,0,track_id
153_itunes_amazon_tableB_colsize8_chunk2.csv,Song_Name,1,track_label
153_itunes_amazon_tableB_colsize8_chunk2.csv,Artist_Name,2,artist_name_str
153_itunes_amazon_tableB_colsize8_chunk2.csv,Album_Name,3,album_title
153_itunes_amazon_tableB_colsize8_chunk2.csv,Genre,4,music_genre
153_itunes_amazon_tableB_colsize8_chunk2.csv,Price,5,price_usd
153_itunes_amazon_tableB_colsize8_chunk2.csv,CopyRight,6,copy_right
153_itunes_amazon_tableB_colsize8_chunk2.csv,Time,7,duration_sec
153_itunes_amazon_tableB_colsize8_chunk2.csv,Released,8,published_on
154_itunes_amazon_tableB_colsize8_chunk3.csv,id,0,amazon_id
154_itunes_amazon_tableB_colsize8_chunk3.csv,Song_Name,1,song_label
154_itunes_amazon_tableB_colsize8_chunk3.csv,Artist_Name,2,musician
154_itunes_amazon_tableB_colsize8_chunk3.csv,Album_Name,3,alb_name
154_itunes_amazon_tableB_colsize8_chunk3.csv,Genre,4,genre_classification
154_itunes_amazon_tableB_colsize8_chunk3.csv,Price,5,dollar_price
154_itunes_amazon_tableB_colsize8_chunk3.csv,CopyRight,6,legal_info
154_itunes_amazon_tableB_colsize8_chunk3.csv,Time,7,song_duration
154_itunes_amazon_tableB_colsize8_chunk3.csv,Released,8,publication_date
155_itunes_amazon_tableB_colsize8_chunk4.csv,id,0,item_id
155_itunes_amazon_tableB_colsize8_chunk4.csv,Song_Name,1,music_name
155_itunes_amazon_tableB_colsize8_chunk4.csv,Artist_Name,2,artist_name_str
155_itunes_amazon_tableB_colsize8_chunk4.csv,Album_Name,3,record_album
155_itunes_amazon_tableB_colsize8_chunk4.csv,Genre,4,genre_classification
155_itunes_amazon_tableB_colsize8_chunk4.csv,Price,5,paid_amount
155_itunes_amazon_tableB_colsize8_chunk4.csv,CopyRight,6,legal_info
155_itunes_amazon_tableB_colsize8_chunk4.csv,Time,7,length
155_itunes_amazon_tableB_colsize8_chunk4.csv,Released,8,song_release_date
156_walmart_amazon_tableA_colsize6_chunk0.csv,id,0,sku_id
156_walmart_amazon_tableA_colsize6_chunk0.csv,title,1,product_name
156_walmart_amazon_tableA_colsize6_chunk0.csv,category,2,cat_name
156_walmart_amazon_tableA_colsize6_chunk0.csv,brand,3,vendor
156_walmart_amazon_tableA_colsize6_chunk0.csv,modelno,4,sku_model
156_walmart_amazon_tableA_colsize6_chunk0.csv,price,5,item_price
157_walmart_amazon_tableA_colsize6_chunk1.csv,id,0,record_id
157_walmart_amazon_tableA_colsize6_chunk1.csv,title,1,display_name
157_walmart_amazon_tableA_colsize6_chunk1.csv,category,2,segment
157_walmart_amazon_tableA_colsize6_chunk1.csv,brand,3,b_name
157_walmart_amazon_tableA_colsize6_chunk1.csv,modelno,4,model_num
157_walmart_amazon_tableA_colsize6_chunk1.csv,price,5,retail_price
158_walmart_amazon_tableA_colsize6_chunk2.csv,id,0,product_code
158_walmart_amazon_tableA_colsize6_chunk2.csv,title,1,product_label
158_walmart_amazon_tableA_colsize6_chunk2.csv,category,2,type
158_walmart_amazon_tableA_colsize6_chunk2.csv,brand,3,maker
158_walmart_amazon_tableA_colsize6_chunk2.csv,modelno,4,product_code
158_walmart_amazon_tableA_colsize6_chunk2.csv,price,5,unit_price
159_walmart_amazon_tableA_colsize6_chunk3.csv,id,0,unique_id
159_walmart_amazon_tableA_colsize6_chunk3.csv,title,1,product_title
159_walmart_amazon_tableA_colsize6_chunk3.csv,category,2,prod_group
159_walmart_amazon_tableA_colsize6_chunk3.csv,brand,3,producer
159_walmart_amazon_tableA_colsize6_chunk3.csv,modelno,4,model_no
159_walmart_amazon_tableA_colsize6_chunk3.csv,price,5,list_price
160_walmart_amazon_tableA_colsize6_chunk4.csv,id,0,item_id
160_walmart_amazon_tableA_colsize6_chunk4.csv,title,1,product_detail
160_walmart_amazon_tableA_colsize6_chunk4.csv,category,2,item_category
160_walmart_amazon_tableA_colsize6_chunk4.csv,brand,3,company
160_walmart_amazon_tableA_colsize6_chunk4.csv,modelno,4,model_number
160_walmart_amazon_tableA_colsize6_chunk4.csv,price,5,item_price
161_walmart_amazon_tableB_colsize6_chunk0.csv,id,0,ref_id
161_walmart_amazon_tableB_colsize6_chunk0.csv,title,1,product_name
161_walmart_amazon_tableB_colsize6_chunk0.csv,category,2,product_category
161_walmart_amazon_tableB_colsize6_chunk0.csv,brand,3,maker
161_walmart_amazon_tableB_colsize6_chunk0.csv,modelno,4,model_code
161_walmart_amazon_tableB_colsize6_chunk0.csv,price,5,item_price
162_walmart_amazon_tableB_colsize6_chunk1.csv,id,0,ident
162_walmart_amazon_tableB_colsize6_chunk1.csv,title,1,prod_title
162_walmart_amazon_tableB_colsize6_chunk1.csv,category,2,item_cat
162_walmart_amazon_tableB_colsize6_chunk1.csv,brand,3,maker
162_walmart_amazon_tableB_colsize6_chunk1.csv,modelno,4,model_no
162_walmart_amazon_tableB_colsize6_chunk1.csv,price,5,final_price
163_walmart_amazon_tableB_colsize6_chunk2.csv,id,0,entry_id
163_walmart_amazon_tableB_colsize6_chunk2.csv,title,1,name
163_walmart_amazon_tableB_colsize6_chunk2.csv,category,2,category_name
163_walmart_amazon_tableB_colsize6_chunk2.csv,brand,3,company
163_walmart_amazon_tableB_colsize6_chunk2.csv,modelno,4,sku_model
163_walmart_amazon_tableB_colsize6_chunk2.csv,price,5,list_price
164_walmart_amazon_tableB_colsize6_chunk3.csv,id,0,ref_id
164_walmart_amazon_tableB_colsize6_chunk3.csv,title,1,product_display_name
164_walmart_amazon_tableB_colsize6_chunk3.csv,category,2,sector
164_walmart_amazon_tableB_colsize6_chunk3.csv,brand,3,brand_id
164_walmart_amazon_tableB_colsize6_chunk3.csv,modelno,4,model_key
164_walmart_amazon_tableB_colsize6_chunk3.csv,price,5,item_price
165_walmart_amazon_tableB_colsize6_chunk4.csv,id,0,item_code
165_walmart_amazon_tableB_colsize6_chunk4.csv,title,1,name
165_walmart_amazon_tableB_colsize6_chunk4.csv,category,2,sector
165_walmart_amazon_tableB_colsize6_chunk4.csv,brand,3,brand_name
165_walmart_amazon_tableB_colsize6_chunk4.csv,modelno,4,model_identifier
165_walmart_amazon_tableB_colsize6_chunk4.csv,price,5,cost
166_walmart_amazon_tableA_colsize5_chunk0.csv,id,0,item_id
166_walmart_amazon_tableA_colsize5_chunk0.csv,title,1,product_detail
166_walmart_amazon_tableA_colsize5_chunk0.csv,category,2,item_cat
166_walmart_amazon_tableA_colsize5_chunk0.csv,brand,3,producer
166_walmart_amazon_tableA_colsize5_chunk0.csv,modelno,4,model_tag
166_walmart_amazon_tableA_colsize5_chunk0.csv,price,5,final_price
167_walmart_amazon_tableA_colsize5_chunk1.csv,id,0,record_id
167_walmart_amazon_tableA_colsize5_chunk1.csv,title,1,item_title
167_walmart_amazon_tableA_colsize5_chunk1.csv,category,2,cat_name
167_walmart_amazon_tableA_colsize5_chunk1.csv,brand,3,supplier
167_walmart_amazon_tableA_colsize5_chunk1.csv,modelno,4,model_num
167_walmart_amazon_tableA_colsize5_chunk1.csv,price,5,price_value
168_walmart_amazon_tableA_colsize5_chunk2.csv,id,0,sku_id
168_walmart_amazon_tableA_colsize5_chunk2.csv,title,1,product_label
168_walmart_amazon_tableA_colsize5_chunk2.csv,category,2,product_category
168_walmart_amazon_tableA_colsize5_chunk2.csv,brand,3,label
168_walmart_amazon_tableA_colsize5_chunk2.csv,modelno,4,product_ref
168_walmart_amazon_tableA_colsize5_chunk2.csv,price,5,sale_price
169_walmart_amazon_tableA_colsize5_chunk3.csv,id,0,ref_id
169_walmart_amazon_tableA_colsize5_chunk3.csv,title,1,item_description
169_walmart_amazon_tableA_colsize5_chunk3.csv,category,2,item_cat
169_walmart_amazon_tableA_colsize5_chunk3.csv,brand,3,supplier
169_walmart_amazon_tableA_colsize5_chunk3.csv,modelno,4,model_tag
169_walmart_amazon_tableA_colsize5_chunk3.csv,price,5,retail_price
170_walmart_amazon_tableA_colsize5_chunk4.csv,id,0,unique_id
170_walmart_amazon_tableA_colsize5_chunk4.csv,title,1,product_description
170_walmart_amazon_tableA_colsize5_chunk4.csv,category,2,product_type
170_walmart_amazon_tableA_colsize5_chunk4.csv,brand,3,supplier
170_walmart_amazon_tableA_colsize5_chunk4.csv,modelno,4,model_id
170_walmart_amazon_tableA_colsize5_chunk4.csv,price,5,price_value
171_walmart_amazon_tableB_colsize5_chunk0.csv,id,0,product_identifier
171_walmart_amazon_tableB_colsize5_chunk0.csv,title,1,product_title
171_walmart_amazon_tableB_colsize5_chunk0.csv,category,2,cat
171_walmart_amazon_tableB_colsize5_chunk0.csv,brand,3,b_name
171_walmart_amazon_tableB_colsize5_chunk0.csv,modelno,4,product_ref
171_walmart_amazon_tableB_colsize5_chunk0.csv,price,5,marked_price
172_walmart_amazon_tableB_colsize5_chunk1.csv,id,0,sku_id
172_walmart_amazon_tableB_colsize5_chunk1.csv,title,1,product_display_name
172_walmart_amazon_tableB_colsize5_chunk1.csv,category,2,group
172_walmart_amazon_tableB_colsize5_chunk1.csv,brand,3,brand_name
172_walmart_amazon_tableB_colsize5_chunk1.csv,modelno,4,product_model
172_walmart_amazon_tableB_colsize5_chunk1.csv,price,5,cost
173_walmart_amazon_tableB_colsize5_chunk2.csv,id,0,item_identifier
173_walmart_amazon_tableB_colsize5_chunk2.csv,title,1,product_title
173_walmart_amazon_tableB_colsize5_chunk2.csv,category,2,item_category
173_walmart_amazon_tableB_colsize5_chunk2.csv,brand,3,supplier
173_walmart_amazon_tableB_colsize5_chunk2.csv,modelno,4,model_num
173_walmart_amazon_tableB_colsize5_chunk2.csv,price,5,retail_price
174_walmart_amazon_tableB_colsize5_chunk3.csv,id,0,sku_id
174_walmart_amazon_tableB_colsize5_chunk3.csv,title,1,item_title
174_walmart_amazon_tableB_colsize5_chunk3.csv,category,2,group
174_walmart_amazon_tableB_colsize5_chunk3.csv,brand,3,manufacturer_name
174_walmart_amazon_tableB_colsize5_chunk3.csv,modelno,4,product_code
174_walmart_amazon_tableB_colsize5_chunk3.csv,price,5,current_price
175_walmart_amazon_tableB_colsize5_chunk4.csv,id,0,item_id
175_walmart_amazon_tableB_colsize5_chunk4.csv,title,1,product_label
175_walmart_amazon_tableB_colsize5_chunk4.csv,category,2,cat
175_walmart_amazon_tableB_colsize5_chunk4.csv,brand,3,b_name
175_walmart_amazon_tableB_colsize5_chunk4.csv,modelno,4,item_code
175_walmart_amazon_tableB_colsize5_chunk4.csv,price,5,list_price
