unique_id,pub_title,publication_venue,authors_list,year_published
1569,directv and oracle rdb : the challenges of vldb transaction processing,sigmod conference,w gettys,1995
1570,"enterprise objects framework , a second generation object-relational enabler",sigmod conference,c kleissner,1995
1571,low-cost compensation-based query processing,vldb,"и grјvlen , s hvasshovd , и torbjјrnsen",1998
1572,an overview of db2 parallel edition,sigmod conference,"c baru , g fecteau , a goyal , h hsiao , a jhingran , s padmanabhan , w wilson",1995
1573,a quantitative analysis and performance study for similarity-search methods in high-dimensional spaces,vldb,"r weber , h schek , s blott",1998
1574,data extraction and transformation for the data warehouse,sigmod conference,c squire,1995
1575,reducing the braking distance of an sql query engine,vldb,"m carey , d kossmann",1998
1576,cover your assets,sigmod conference,m olson,1995
1577,querying continuous time sequences,vldb,"l lin , t risch",1998
1578,recovery protocols for shared memory database systems,sigmod conference,"l molesky , k ramamritham",1995
1579,edgar f. codd : a tribute and personal memoir,sigmod record,c date,2003
1580,nd-sql : a multi-dimensional language for interoperability and olap,vldb,"f gingras , l lakshmanan",1998
1581,the lyric language : querying constraint objects,sigmod conference,"a brodsky , y kornatzky",1995
1582,the heterogeneity problem and middleware technology : experiences with and performance of database gateways,vldb,"f rezende , k hergula",1998
1583,evaluating functional joins along nested reference sets in object-relational and object-oriented databases,vldb,"r braumandl , j clauпen , a kemper",1998
1584,datamine - interactive rule discovery system,sigmod conference,"t imielinski , a virmani",1995
1585,using schema matching to simplify heterogeneous data translation,vldb,"t milo , s zohar",1998
1586,efendi : federated database system of cadlab,sigmod conference,"e radeke , r bіttger , b burkert , y engel , g kachel , s kolmschlag , d nolte",1995
1587,nearest neighbor queries,sigmod conference,"n roussopoulos , s kelley , f vincent",1995
1588,on optimal node splitting for r-trees,vldb,"y garcэa , m lopez , s leutenegger",1998
1589,r-tree based indexing of now-relative bitemporal data,vldb,"r bliujute , c jensen , s saltenis , g slivinskas",1998
1590,topological relations in the world of minimum bounding rectangles : a study with r-trees,sigmod conference,"d papadias , y theodoridis , t sellis , m egenhofer",1995
1591,towards an effective calculus for object query languages,sigmod conference,"l fegaras , d maier",1995
1592,optimal histograms with quality guarantees,vldb,"h jagadish , n koudas , s muthukrishnan , v poosala , k sevcik , t suel",1998
1593,ofl : a functional execution model for object query languages,sigmod conference,"g gardarin , f machuca , p pucheral",1995
1594,incremental clustering for mining in a data warehousing environment,vldb,"m ester , h kriegel , j sander , m wimmer , x xu",1998
1595,inferring function semantics to optimize queries,vldb,"m cherniack , s zdonik",1998
1596,oodb indexing by class-division,sigmod conference,"s ramaswamy , p kanellakis",1995
1597,the handwritten trie : indexing electronic ink,sigmod conference,"w aref , d barbarс , p vallabhaneni",1995
1598,"topaz : a cost-based , rule-driven , multi-phase parallelizer",vldb,"c nippl , b mitschang",1998
1599,improving adaptable similarity query processing by using approximations,vldb,"m ankerst , b braunmќller , h kriegel , t seidl",1998
1600,parallel evaluation of multi-join queries,sigmod conference,"a wilschut , j flokstra , p apers",1995
1601,mindreader : querying databases through multiple examples,vldb,"y ishikawa , r subramanya , c faloutsos",1998
1602,the merge/purge problem for large databases,sigmod conference,"m hernсndez , s stolfo",1995
1603,semantic assumptions and query evaluation in temporal databases,sigmod conference,"c bettini , x wang , e bertino , s jajodia",1995
1604,"what do those weird xml types want , anyway ?",vldb,s derose,1999
1605,online dynamic reordering for interactive data processing,vldb,"v raman , b raman , j hellerstein",1999
1606,implementing crash recovery in quickstore : a performance study,sigmod conference,"s white , d dewitt",1995
1607,hyper-programming in java,vldb,"e zirintsis , g kirby , r morrison",1999
1608,reducing multidatabase query response time by tree balancing,sigmod conference,"w du , m shan , u dayal",1995
1609,"industrial panel on data warehousing technologies : experiences , challenges , and directions",vldb,u dayal,1999
1610,temporal conditions and integrity constraints in active database systems,sigmod conference,"a sistla , o wolfson",1995
1611,"pm3 : an orthogonal persistent systems programming language - design , implementation , performance",vldb,"a hosking , j chen",1999
1612,view maintenance in a warehousing environment,sigmod conference,"y zhuge , h garcia-molina , j hammer , j widom",1995
1613,implementation of sql3 structured types with inheritance and value substitutability,vldb,"y fuh , s deпloch , w chen , n mattos , b tran , b lindsay , l demichel , s rielau , d mannhaupt",1999
1614,hypergraph based reorderings of outer join queries with complex predicates,sigmod conference,"g bhargava , p goel , b iyer",1995
1615,the spiffi scalable video-on-demand system,sigmod conference,"c freedman , d dewitt",1995
1616,implementation of two semantic query optimization techniques in db2 universal database,vldb,"q cheng , j gryz , f koo , t leung , l liu , x qian , k schiefer",1999
1617,optimization of run-time management of data intensive web-sites,vldb,"d florescu , a levy , d suciu , k yagoub",1999
1618,incremental maintenance of views with duplicates,sigmod conference,"t griffin , l libkin",1995
1619,join queries with external text sources : execution and optimization techniques,sigmod conference,"s chaudhuri , u dayal , t yan",1995
1620,determining text databases to search in the internet,vldb,"w meng , k liu , c yu , x wang , y chang , n rishe",1998
1621,an online video placement policy based on bandwith to space ratio ( bsr ),sigmod conference,"a dan , d sitaram",1995
1622,atomicity versus anonymity : distributed transactions for electronic commerce,vldb,j tygar,1998
1623,diag-join : an opportunistic join algorithm for 1 : n relationships,vldb,"s helmer , t westmann , g moerkotte",1998
1624,upsizing from file server to clent server architectures,sigmod conference,t team,1995
1625,"object-oriented , rapid application development in a pc database environment",sigmod conference,f team,1995
1626,hash joins and hash teams in microsoft sql server,vldb,"g graefe , r bunker , s cooper",1998
1627,the data that you wo n't find in databases : tutorial panel on data exchange formats,sigmod conference,"p buneman , d maier",1995
1628,spatio-temporal retrieval with rasdaman,vldb,"p baumann , a dehmel , p furtado , r ritsch , n widmann",1999
1629,using the calanda time series management system,sigmod conference,"w dreyer , a dittrich , d schmidt",1995
1630,xml repository and active views demonstration,vldb,"s abiteboul , v aguilera , s ailleret , b amann , s cluet , b hills , f hubert , j mamou , a marian , l mignet , t milo , c santos , b tessier , a vercoustre",1999
1631,the lotus notes storage system,sigmod conference,k moore,1995
1632,the mirror mmdbms architecture,vldb,"a vries , m doorn , h blanken , p apers",1999
1633,keynote address,,,1995
1634,miro web : integrating multiple data sources through semistructured data types,vldb,"l bouganim , t chan-sine-ying , t dang-ngoc , j darroux , g gardarin , f sha",1999
1635,parallel database systems 101,sigmod conference,j gray,1995
1636,clustering categorical data : an approach based on dynamical systems,vldb,"d gibson , j kleinberg , p raghavan",1998
1637,keynote address,,,1995
1638,things every update replication customer should know,sigmod conference,r golding,1995
1639,fast high-dimensional data search in incomplete databases,vldb,"b ooi , c goh , k tan",1998
1640,algorithms for mining association rules for binary segmentations of huge categorical databases,vldb,"y morimoto , t fukuda , h matsuzawa , t tokuyama , k yoda",1998
1641,versant replication : supporting fault-tolerant object databases,sigmod conference,"y shyy , h au-yeung , c chou",1995
1642,research and products : are they relevant to each other ? ( panel ),sigmod conference,h edelstein,1995
1643,algorithms for mining distance-based outliers in large datasets,vldb,"e knorr , r ng",1998
1644,real world requirements for decision support - implications for rdbms,sigmod conference,s bansal,1995
1645,design and analysis of parametric query optimization algorithms,vldb,s ganguly,1998
1646,filtering with approximate predicates,vldb,"n shivakumar , h garcia-molina , c chekuri",1998
1647,`` one size fits all '' database architectures do not work for dds,sigmod conference,c french,1995
1648,binding propagation in disjunctive databases,vldb,s greco,1998
1649,leveraging the information asset,sigmod conference,j perna,1995
1650,use of a component architecture in integrating relational and non-relational storage systems,sigmod conference,r atkinson,1995
1651,computing iceberg queries efficiently,vldb,"m fang , n shivakumar , h garcia-molina , r motwani , j ullman",1998
1652,bulk-loading techniques for object databases and an application to relational data,vldb,"s amer-yahia , s cluet , c delobel",1998
1653,informix online xps,sigmod conference,r gerber,1995
1654,order-of-magnitude advantage of tpc-c though massive parallelism,sigmod conference,c levine,1995
1655,algorithms for querying by spatial structure,vldb,"d papadias , n mamoulis , v delis",1998
1656,a raster approximation for processing of spatial joins,vldb,"g zimbrao , j souza",1998
1657,objects and sql : strange relations ? panel,sigmod conference,d deutsch,1995
1658,bank of america case study : the information currency advantage,vldb,"f cariёo , m jahnke",1998
1659,indexing multimedia databases ( tutorial ),,,1995
1660,an asynchronous avoidance-based cache consistency algorithm for client caching dbmss,vldb,"m жzsu , k voruganti , r unrau",1998
1661,an overview of the emerging third-generation sql standard ( tutorial ),,,1995
1662,"workflow automation : applications , technology , and research ( tutorial )",,,1995
1663,"design , implementation , and performance of the lham log-structured history data access method",vldb,"p muth , p o'neil , a pick , g weikum",1998
1664,integration approaches for cim,,,1995
1665,expiring data in a warehouse,vldb,"h garcia-molina , w labio , j yang",1998
1666,storage technology : raid and beyond,,,1995
1667,buffering and read-ahead strategies for external mergesort,vldb,"w zhang , p larson",1998
1668,an efficient cost-driven index selection tool for microsoft sql server,vldb,"s chaudhuri , v narasayya",1997
1669,the samos active dbms prototype,sigmod conference,"s gatziu , a geppert , k dittrich",1995
1670,design and implementation of advanced knowledge processing in the kdms krisys ( demonstration description ),sigmod conference,"j thomas , s deпloch , n mattos",1995
1671,algorithms for materialized view design in data warehousing environment,vldb,"j yang , k karlapalem , q li",1997
1672,data warehouse configuration,vldb,"d theodoratos , t sellis",1997
1673,infoharness : a system for search and retrieval of heterogeneous information,sigmod conference,"l shklar , a sheth , v kashyap , s thatte",1995
1674,fast computation of sparse datacubes,vldb,"k ross , d srivastava",1997
1675,qbi : query by icons,sigmod conference,"a massari , s pavani , l saladini , p chrysanthis",1995
1676,1-safe algorithms for symmetric site configurations,vldb,"r humborstad , m sabaratnam , s hvasshovd , и torbjјrnsen",1997
1677,the reach active oodbms,sigmod conference,"a buchmann , a deutsch , j zimmermann , m higa",1995
1678,"do n't scrap it , wrap it ! a wrapper architecture for legacy data sources",vldb,"m roth , p schwarz",1997
1679,the query by image content ( qbic ) system,sigmod conference,"j ashley , m flickner , j hafner , d lee , w niblack , d petkovic",1995
1680,the naos system,sigmod conference,"c collet , t coupaye",1995
1681,describing and using query capabilities of heterogeneous sources,vldb,"v vassalos , y papakonstantinou",1997
1682,efficient construction of regression trees with range and region splitting,vldb,"y morimoto , h ishii , s morishita",1997
1683,the algres testbed of chimera : an active object-oriented database system,sigmod conference,"s ceri , p fraternali , s paraboschi , g psaila",1995
1684,concurrent garbage collection in o2,vldb,"m skubiszewski , p valduriez",1997
1685,ptool : a light weight persistent object manager,sigmod conference,"r grossman , d hanley , x qin",1995
1686,a one-pass algorithm for accurately estimating quantiles for disk-resident data,vldb,"k alsabti , s ranka , v singh",1997
1687,finding data in the neighborhood,vldb,"a eickler , a kemper , d kossmann",1997
1688,"pattern matching and pattern discovery in scientific , program , and document databases",sigmod conference,"j wang , k zhang , d shasha",1995
1689,adaptive data broadcast in hybrid networks,vldb,"k stathatos , n roussopoulos , j baras",1997
1690,shore : combining the best features of oodbms and file systems,sigmod conference,s team,1995
1691,a generic approach to bulk loading multidimensional index structures,vldb,"j bercken , b seeger , p widmayer",1997
1692,paradise : a database system for gis applications,sigmod conference,p team,1995
1693,evaluation of main memory join algorithms for joins with set comparison join predicates,vldb,"s helmer , g moerkotte",1997
1694,semint : a system prototype for semantic integration in heterogeneous databases,sigmod conference,"w li , c clifton",1995
1695,dynamic memory adjustment for external mergesort,vldb,"w zhang , p larson",1997
1696,"information translation , mediation , and mosaic-based browsing in the tsimmis system",sigmod conference,"j hammer , h garcia-molina , k ireland , y papakonstantinou , j ullman , j widom",1995
1697,garbage collection in object oriented databases using transactional cyclic reference counting,vldb,"s ashwin , p roy , s seshadri , a silberschatz , s sudarshan",1997
1698,visdb : a system for visualizing large databases,sigmod conference,"d keim , h kriegel",1995
1699,data modeling of time-based media,sigmod conference,"s gibbs , c breiteneder , d tsichritzis",1994
1700,fast incremental maintenance of approximate histograms,vldb,"p gibbons , y matias , v poosala",1997
1701,groupwise processing of relational queries,vldb,"d chatziantoniou , k ross",1997
1702,combinatorial pattern discovery for scientific data : some preliminary results,sigmod conference,"j wang , g chirn , t marr , b shapiro , d shasha , k zhang",1994
1703,a region splitting strategy for physical database design of multidimensional file organizations,vldb,"j lee , y lee , k whang , i song",1997
1704,aries/csa : a method for database recovery in client-server architectures,sigmod conference,"c mohan , i narang",1994
1705,ensuring relaxed atomicity for flexible transactions in multidatabase systems,sigmod conference,"a zhang , m nodine , b bhargava , o bukhres",1994
1706,dataguides : enabling query formulation and optimization in semistructured databases,vldb,"r goldman , j widom",1997
1707,energy efficient indexing on air,sigmod conference,"t imielinski , s viswanathan , b badrinath",1994
1708,geo/environmental and medical data management in the rasdaman system,vldb,"p baumann , p furtado , r ritsch , n widmann",1997
1709,asset : a system for supporting extended transactions,sigmod conference,"a biliris , s dar , n gehani , h jagadish , k ramamritham",1994
1710,gte superpages : using ir techniques for searching complex objects,vldb,"s whitehead , h sinha , m murphy",1997
1711,effective memory use in a media server,vldb,"e chang , h garcia-molina",1997
1712,the ecrc multi database system,sigmod conference,"w jonker , h schќtz",1995
1713,data replication for mobile computers,sigmod conference,"y huang , a sistla , o wolfson",1994
1714,efficient user-adaptable similarity search in large multimedia databases,vldb,"t seidl , h kriegel",1997
1715,fine-grained sharing in a page server oodbms,sigmod conference,"m carey , m franklin , m zaharioudakis",1994
1716,critical database technologies for high energy physics,vldb,"d malon , e may",1997
1717,fast subsequence matching in time-series databases,sigmod conference,"c faloutsos , m ranganathan , y manolopoulos",1994
1718,caprera : an activity framework for transaction processing on wide-area networks,vldb,"s kumar , e kwang , d agrawal",1997
1719,distributing a search tree among a growing number of processors,sigmod conference,"b krіll , p widmayer",1994
1720,data manager for evolvable real-time command and control systems,vldb,"e hughes , r ginis , b thuraisingham , p krupp , j maurer",1997
1721,distributed processing over stand-alone systems and applications,vldb,"g alonso , c hagen , h schek , m tresch",1997
1722,from structured documents to novel query facilities,sigmod conference,"v christophides , s abiteboul , s cluet , m scholl",1994
1723,alphasort : a risc machine sort,sigmod conference,"c nyberg , t barclay , z cvetanovic , j gray , d lomet",1994
1724,the microsoft repository,vldb,"p bernstein , b harry , p sanders , d shutt , j zander",1997
1725,distributed file organization with scalable cost/performance,sigmod conference,"r vingralek , y breitbart , g weikum",1994
1726,multidimensional access methods : trees have grown everywhere,vldb,"t sellis , n roussopoulos , c faloutsos",1997
1727,adaptive selectivity estimation using query feedback,sigmod conference,"c chen , n roussopoulos",1994
1728,efficient testing of high performance transaction processing systems,vldb,"d wildfogel , r yerneni",1997
1729,innovation in database management : computer science vs. engineering,vldb,k jacobs,1997
1730,estimating page fetches for index scans with finite lru buffers,sigmod conference,"a swami , k schiefer",1994
1731,public : a decision tree classifier that integrates building and pruning,vldb,"r rastogi , k shim",1998
1732,genesys : a system for efficient spatial query processing,sigmod conference,"t brinkhoff , h kriegel , r schneider , b seeger",1994
1733,eos : an extensible object store,sigmod conference,"a biliris , e panagos",1994
1734,on the discovery of interesting patterns in association rules,vldb,"s ramaswamy , s mahajan , a silberschatz",1998
1735,wavecluster : a multi-resolution clustering approach for very large spatial databases,vldb,"g sheikholeslami , s chatterjee , a zhang",1998
1736,databases for networks,sigmod conference,h jagadish,1994
1737,a survey and critique of advanced transaction models,sigmod conference,c mohan,1994
1738,rainforest - a framework for fast decision tree construction of large datasets,vldb,"j gehrke , r ramakrishnan , v ganti",1998
1739,dec data distributor : for data replication and data warehousing,sigmod conference,d dietterich,1994
1740,small materialized aggregates : a light weight index structure for data warehousing,vldb,g moerkotte,1998
1741,secure buffering in firm real-time database systems,vldb,"b george , j haritsa",1998
1742,a performance study of transitive closure algorithms,sigmod conference,"s dar , r ramakrishnan",1994
1743,safely and efficiently updating references during on-line reorganization,vldb,"c zou , b salzberg",1998
1744,database in crisis and transition : a technical agenda for the year 2001,sigmod conference,d vaskevitch,1994
1745,coss : the common object services specifications,sigmod conference,b martin,1994
1746,materialized view selection for multidimensional datasets,vldb,"a shukla , p deshpande , j naughton",1998
1747,the effectiveness of gloss for the text database discovery problem,sigmod conference,"l gravano , h garcia-molina , a tomasic",1994
1748,"ratio rules : a new paradigm for fast , quantifiable data mining",vldb,"f korn , a labrinidis , y kotidis , c faloutsos",1998
1749,implementation of magic-sets in a relational database system,sigmod conference,"i mumick , h pirahesh",1994
1750,scalable sweeping-based spatial join,vldb,"l arge , o procopiuc , s ramaswamy , t suel , j vitter",1998
1751,mining surprising patterns using temporal description length,vldb,"s chakrabarti , s sarawagi , b dom",1998
1752,optimization of dynamic query evaluation plans,sigmod conference,"r cole , g graefe",1994
1753,incomplete path expressions and their disambiguation,sigmod conference,"y ioannidis , y lashkari",1994
1754,scalable techniques for mining causal structures,vldb,"c silverstein , s brin , r motwani , j ullman",1998
1755,sleepers and workaholics : caching strategies in mobile environments,sigmod conference,"d barbarс , t imielinski",1994
1756,selectivity estimation in extensible databases - a neural network approach,vldb,"m lakshmi , s zhou",1998
1757,evolving teradata decision support for massively parallel processing with unix,sigmod conference,c ballinger,1994
1758,massive stochastic testing of sql,vldb,d slutz,1998
1759,issues in developing very large data warehouses,vldb,"l do , p drew , w jin , v jumani , d rossum",1998
1760,staggered striping in multimedia information systems,sigmod conference,"s berson , s ghandeharizadeh , r muntz , x ju",1994
1761,database issues in telecommunications network management,sigmod conference,i ahn,1994
1762,the drill down benchmark,vldb,"p boncz , t rќhl , f kwakkel",1998
1763,the national medical knowledge bank,vldb,w sterling,1998
1764,quickly generating billion-record synthetic databases,sigmod conference,"j gray , p sundaresan , s englert , k baclawski , p weinberger",1994
1765,experiences in federated databases : from iro-db to miro-web,vldb,"p fankhauser , g gardarin , m lopez , j muёoz , a tomasic",1998
1766,predictive dynamic load balancing of parallel and distributed rule and query processing,sigmod conference,"h dewan , s stolfo , m hernсndez , j hwang",1994
1767,materialized views in oracle,vldb,"r bello , k dias , a downing , j jr. , j finnerty , w norcott , h sun , a witkowski , m ziauddin",1998
1768,incremental updates of inverted lists for text document retrieval,sigmod conference,"a tomasic , h garcia-molina , k shoens",1994
1769,koda - the architecture and interface of a data model independent kernel,vldb,"g arun , a joshi",1998
1770,optimizing queries on files,sigmod conference,"m consens , t milo",1994
1771,on parallel execution of multiple pipelined hash joins,sigmod conference,"h hsiao , m chen , p yu",1994
1772,the adabas buffer pool manager,vldb,h schіning,1998
1773,multi-step processing of spatial joins,sigmod conference,"t brinkhoff , h kriegel , r schneider , b seeger",1994
1774,plan-per-tuple optimization solution - parallel execution of expensive user-defined functions,vldb,"f cariёo , w o'connell",1998
1775,spatial joins using seeded trees,sigmod conference,"m lo , c ravishankar",1994
1776,is web-site management a database problem ?,vldb,"d florescu , a levy , d suciu",1998
1777,managing memory for real-time queries,sigmod conference,"h pang , m carey , m livny",1994
1778,"information , communication , and money : for what can we charge and how can we meter it ?",vldb,"s blott , h korth , a silberschatz",1998
1779,starting ( and sometimes ending ) a database company,vldb,j orenstein,1998
1780,shoring up persistent applications,sigmod conference,"m carey , d dewitt , m franklin , n hall , m mcauliffe , j naughton , d schuh , m solomon , c tan , o tsatalos , s white , m zwilling",1994
1781,the cubetree storage organization,vldb,"n roussopoulos , y kotidis",1998
1782,quickstore : a high performance mapped object store,sigmod conference,"s white , d dewitt",1994
1783,"self-adaptive , on-line reclustering of complex object data",sigmod conference,"w jr. , r king",1994
1784,ibm 's db2 universal database demonstrations at vldb '98,vldb,"k schiefer , j kleewein , k brannon , g lohman , g fuh",1998
1785,sequence query processing,sigmod conference,"p seshadri , m livny , r ramakrishnan",1994
1786,mapinfo spatialware : a spatial information server for rdbms,vldb,c mina,1998
1787,practical predicate placement,sigmod conference,j hellerstein,1994
1788,optimizing disjunctive queries with expensive predicates,sigmod conference,"a kemper , g moerkotte , k peithner , m steinbrunn",1994
1789,oracle industrial exhibit,vldb,a pogue,1998
1790,a language for manipulating arrays,vldb,"a marathe , k salem",1997
1791,outerjoins as disjunctions,sigmod conference,c galindo-legaria,1994
1792,a foundation for multi-dimensional databases,vldb,"m gyssens , l lakshmanan",1997
1793,partition selection policies in object database garbage collection,sigmod conference,"j cook , a wolf , b zorn",1994
1794,cost-based selection of path expression processing algorithms in object-oriented databases,vldb,"g gardarin , j gruser , z tang",1996
1795,nonstop sql : scalability and availability for decision support,sigmod conference,s englert,1994
1796,dynamic load balancing in hierarchical parallel database systems,vldb,"l bouganim , d florescu , p valduriez",1996
1797,red brick warehouse : a read-mostly rdbms for open smp platforms,sigmod conference,p fernandez,1994
1798,disseminating updates on broadcast disks,vldb,"s acharya , m franklin , s zdonik",1996
1799,the montage extensible datablade achitecture,sigmod conference,m ubell,1994
1800,object-oriented features of db2 client/server,sigmod conference,h pirahesh,1994
1801,"calibrating the query optimizer cost model of iro-db , an object-oriented federated database system",vldb,"g gardarin , f sha , z tang",1996
1802,answering queries with aggregation using views,vldb,"d srivastava , s dar , h jagadish , a levy",1996
1803,the impress ddt : a database design toolbox based on a formal specification language,sigmod conference,"j flokstra , m keulen , j skowronek",1994
1804,clustering techniques for minimizing external path length,vldb,"a diwan , s rane , s seshadri , s sudarshan",1996
1805,the medusa project : autonomous data management in a shared-nothing parallel database machine,sigmod conference,"g bryan , w moore , b curry , k lodge , j geyer",1994
1806,enterprise information architectures -- they 're finally changing,sigmod conference,w melling,1994
1807,fast nearest neighbor search in medical image databases,vldb,"f korn , n sidiropoulos , c faloutsos , e siegel , z protopapas",1996
1808,relaxed transaction processing,sigmod conference,"m singh , c tomlinson , d woelk",1994
1809,applying data mining techniques to a health insurance information system,vldb,"m viveros , j nearhos , m rothman",1996
1810,oracle 's symmetric replication technology and implications for application design,sigmod conference,"d daniels , l doo , a downing , c elsbernd , g hallmark , s jain , b jenkins , p lim , g smith , b souder , j stamos",1994
1811,coalescing in temporal databases,vldb,"m bіhlen , r snodgrass , m soo",1996
1812,sybase replication server,sigmod conference,"a gorelik , y wang , m deppe",1994
1813,effective & efficient document ranking without using a large lexicon,vldb,y ogawa,1996
1814,xsb as an efficient deductive database engine,sigmod conference,"k sagonas , t swift , d warren",1994
1815,a new sql-like operator for mining association rules,vldb,"r meo , g psaila , s ceri",1996
1816,parallel database systems in the 1990 's,sigmod conference,m carey,1994
1817,constructing efficient decision trees by using optimized numeric association rules,vldb,"t fukuda , y morimoto , s morishita , t tokuyama",1996
1818,odmg-93 : a standard for object-oriented dbmss,sigmod conference,r cattell,1994
1819,efficient snapshot differential algorithms for data warehousing,vldb,"w labio , h garcia-molina",1996
1820,eroc : a toolkit for building neato query optimizers,vldb,"w mckenna , l burger , c hoang , m truong",1996
1821,unisql/x unified relational and object-oriented database system,sigmod conference,w kim,1994
1822,filter trees for managing spatial data over a range of size granularities,vldb,"k sevcik , n koudas",1996
1823,oracle media server : providing consumer based interactive access to multimedia data,sigmod conference,"a laursen , j olkin , m porter",1994
1824,object-oriented extensions in sql3 : a status report,sigmod conference,k kulkarni,1994
1825,analysis of n-dimensional quadtrees using the hausdorff fractal dimension,vldb,"c faloutsos , v gaede",1996
1826,the design and implementation of a sequence database system,vldb,"p seshadri , m livny , r ramakrishnan",1996
1827,editor 's notes,sigmod record,l liu,2003
1828,optimization of queries with user-defined predicates,vldb,"s chaudhuri , k shim",1996
1829,open object database management systems,,,1994
1830,incremental maintenance of externally materialized views,vldb,"m staudt , m jarke",1996
1831,the myriad federated database prototype,sigmod conference,"s hwang , e lim , h yang , s musukula , k mediratta , m ganesh , d clements , j stenoien , j srivastava",1994
1832,watchman : a data warehouse intelligent cache manager,vldb,"p scheuermann , j shim , r vingralek",1996
1833,dblearn : a system prototype for knowledge discovery in relational databases,sigmod conference,"j han , y fu , y huang , y cai , n cercone",1994
1834,the x-tree : an index structure for high-dimensional data,vldb,"s berchtold , d keim , h kriegel",1996
1835,an environmental sensor network to determine drinking water quality and security,sigmod record,"a ailamaki , c faloutsos , p fischbeck , m small , j vanbriesen",2003
1836,bluetooth-based sensor networks,sigmod record,"p bonnet , a beaufour , m dydensborg , m leopold",2003
1837,of objects and databases : a decade of turmoil,vldb,"m carey , d dewitt",1996
1838,developments at acm tods,sigmod record,r snodgrass,2003
1839,the changing landscape of the software industry and its implications for india,vldb,u gupta,1996
1840,the ores temporal database management system,sigmod conference,"b theodoulidis , a ait-braham , g andrianopoulos , j chaudhary , g karvelis , s sou",1994
1841,database management systems and the internet,vldb,s malaika,1996
1842,dwms : data warehouse management system,vldb,n mohan,1996
1843,ptool : a scalable persistent object manager,sigmod conference,"r grossman , x qin",1994
1844,disnic-plan : a nicnet based distributed database for micro-level planning in india,vldb,m moni,1996
1845,a language based multidatabase system,sigmod conference,"e kќhn , t tschernko , k schwarz",1994
1846,mosaico - a system for conceptual modeling and rapid prototyping of object-oriented database application,sigmod conference,"m missikoff , m toiati",1994
1847,bellcore 's adapt/x harness system for managing information on internet and intranets,vldb,a sheth,1996
1848,cache coherency in oracle parallel server,vldb,b klots,1996
1849,query by diagram : a graphical environment for querying databases,sigmod conference,"t catarci , g santucci",1994
1850,extracting large data sets using db2 parallel edition,vldb,s padmanabhan,1996
1851,quest : a project on database mining,sigmod conference,"r agrawal , m carey , c faloutsos , s ghosh , m houtsma , t imielinski , b iyer , a mahboob , h miranda , r srikant , a swami",1994
1852,metu object-oriented dbms,sigmod conference,"a dogac , i arpinar , c evrendilek , c ozkan , i altintas , i durusoy , m altinel , t okay , y saygin",1994
1853,further improvements on integrity constraint checking for stratifiable deductive databases,vldb,"s lee , t ling",1996
1854,estimation of query-result distribution and its application in parallel-join load balancing,vldb,"v poosala , y ioannidis",1996
1855,xsb as a deductive database,sigmod conference,"k sagonas , t swift , d warren",1994
1856,power efficient data gathering and aggregation in wireless sensor networks,sigmod record,"h tan , i korpeoglu",2003
1857,to weave the web,vldb,"p atzeni , g mecca , p merialdo",1997
1858,multimedia streaming in large-scale sensor networks with mobile swarms,sigmod record,"m gerla , k xu",2003
1859,using probabilistic information in data integration,vldb,"d florescu , d koller , a levy",1997
1860,reasoning on regular path queries,sigmod record,"d calvanese , g giacomo , m lenzerini , m vardi",2003
1861,on-demand data elevation in hierarchical multimedia storage servers,vldb,"p triantafillou , t papadakis",1997
1862,interview with pat selinger,,,2003
1863,principles of optimally placing data in tertiary storage libraries,vldb,"s christodoulakis , p triantafillou , f zioga",1997
1864,reminiscences on influential papers,,,2003
1865,materialized views selection in a multidimensional database,vldb,"e baralis , s paraboschi , e teniente",1997
1866,review of web caching and replication by michael rabinovich and oliver spatscheck . addison wesley 2002,,,2003
1867,parallel algorithms for high-dimensional similarity joins for data mining applications,vldb,"j shafer , r agrawal",1997
1868,sting : a statistical information grid approach to spatial data mining,vldb,"w wang , j yang , r muntz",1997
1869,"review of data on the web : from relational to semistructured data and xml by serge abiteboul , peter buneman , and dan suciu . morgan kaufmann 1999",,,2003
1870,"review of spatial databases with application to gis by philippe rigaux , michel scholl , and agnes voisard . morgan kaufmann 2002",,,2003
1871,merging ranks from heterogeneous internet sources,vldb,"l gravano , h garcia-molina",1997
1872,energy and rate based mac protocol for wireless sensor networks,sigmod record,"r kannan , r kalidindi , s iyengar , v kumar",2003
1873,the case for enhanced abstract data types,vldb,"p seshadri , m livny , r ramakrishnan",1997
1874,integrating reliable memory in databases,vldb,"w ng , p chen",1997
1875,distributed deviation detection in sensor networks,sigmod record,"t palpanas , d papadopoulos , v kalogeraki , d gunopulos",2003
1876,logical and physical versioning in main memory databases,vldb,"r rastogi , s seshadri , p bohannon , d leinbaugh , a silberschatz , s sudarshan",1997
1877,book review column,sigmod record,k aberer,2003
1878,sensor : the atomic computing particle,sigmod record,v kumar,2003
1879,using versions in update transactions : application to integrity checking,vldb,"f llirbat , e simon , d tombroff",1997
1880,incremental organization for data recording and warehousing,vldb,"h jagadish , p narayan , s seshadri , s sudarshan , r kanneganti",1997
1881,"the sensor spectrum : technology , trends , and requirements",sigmod record,"j hellerstein , w hong , s madden",2003
1882,understanding the semantics of sensor data,sigmod record,m mani,2003
1883,multiple-view self-maintenance in data warehousing environments,vldb,n huyn,1997
1884,recovering information from summary data,vldb,"c faloutsos , h jagadish , n sidiropoulos",1997
1885,managing uncertainty in sensor database,sigmod record,"r cheng , s prabhakar",2003
1886,implementing abstract objects with inheritance in datalogneg,vldb,h jamil,1997
1887,the cougar project : a work-in-progress report,sigmod record,"a demers , j gehrke , r rajaraman , a trigoni , y yao",2003
1888,dbglobe : a service-oriented p2p system for global computing,sigmod record,"e pitoura , s abiteboul , d pfoser , g samaras , m vazirgiannis",2003
1889,mining insurance data at swiss life,vldb,"j kietz , u reimer , m staudt",1997
1890,facilitating multimedia database exploration through visual interfaces and perpetual query reformulations,vldb,"w li , k candan , k hirata , y hara",1997
1891,toward network data independence,sigmod record,j hellerstein,2003
1892,design issues and challenges for rdf - and schema-based peer-to-peer systems,sigmod record,"w nejdl , w siberski , m sintek",2003
1893,treasurer 's message,,,2003
1894,the oracle universal server buffer,vldb,"w bridge , a joshi , m keihl , t lahiri , j loaiza , n macnaughton",1997
1895,chair 's message,,,2003
1896,"the network as a global database : challenges of interoperability , proactivity , interactiveness , legacy",vldb,"p lockemann , u kіlsch , a koschel , r kramer , r nikolai , m wallrath , h walter",1997
1897,selectivity estimation without the attribute value independence assumption,vldb,"v poosala , y ioannidis",1997
1898,journal relevance,sigmod record,r snodgrass,2003
1899,towards an odmg-compliant visual object query language,vldb,"m chavda , p wood",1997
1900,2003 sigmod innovations award speech,sigmod record,d chamberlin,2003
1901,guest editor 's introduction,,,2003
1902,integrating sql databases with content-specific search engines,vldb,"s deпloch , n mattos",1997
1903,resource scheduling in enhanced pay-per-view continuous media databases,vldb,"m garofalakis , b жzden , a silberschatz",1997
1904,learning about data integration challenges from day one,sigmod record,a halevy,2003
1905,spatial joins using r-trees : breadth-first traversal with global optimizations,vldb,"y huang , n jing , e rundensteiner",1997
1906,agent-oriented software engineering report on the 4th aose workshop ( aose 2003 ),,,2003
1907,the complexity of transformation-based join enumeration,vldb,"a pellenkoft , c galindo-legaria , m kersten",1997
1908,report on the 5th international workshop on the design and management of data warehouses ( dmdw ' 03 ),,,2003
1909,"using taxonomy , discriminants , and signatures for navigating in text databases",vldb,"s chakrabarti , b dom , r agrawal , p raghavan",1997
1910,information integration on the web : a view from ai and databases ( report on iiweb-03 ),sigmod record,"s kambhampati , c knoblock",2003
1911,report on fqas 2002 : fifth international conference on flexible query answering systems,,,2003
1912,m-tree : an efficient access method for similarity search in metric spaces,vldb,"p ciaccia , m patella , p zezula",1997
1913,optimizing queries across diverse data sources,vldb,"l haas , d kossmann , e wimmers , j yang",1997
1914,editor 's notes,sigmod record,l liu,2003
1915,vertical data migration in large near-line document archives based on markov-chain predictions,vldb,"a kraiss , g weikum",1997
1916,research in database engineering at the university of namur,sigmod record,j hainaut,2003
1917,exposing undergraduate students to database system internals,sigmod record,"a ailamaki , j hellerstein",2003
1918,parallel query scheduling and optimization with time - and space-shared resources,vldb,"m garofalakis , y ioannidis",1997
1919,analysis of sigmod 's co-authorship graph,sigmod record,"m nascimento , j sander , j pound",2003
1920,optimizing queries with universal quantification in object-oriented and object-relational databases,vldb,"j clauпen , a kemper , g moerkotte , k peithner",1997
1921,a performance evaluation of oid mapping techniques,vldb,"a eickler , c gerlhof , d kossmann",1995
1922,editor 's notes,sigmod record,l liu,2003
1923,efficient incremental garbage collection for client-server object database systems,vldb,"l amsaleg , m franklin , o gruber",1995
1924,closing the key loophole in mls databases,sigmod record,"n jukic , s nestorov , s vrbsky",2003
1925,report on the 4th international conference on mobile data management,,,2003
1926,document management as a database problem,vldb,r bayer,1995
1927,in memory of gэsli r. hjaltason,,,2003
1928,from vldb to vmldb ( very many large data bases ) : dealing with large-scale semantic heterogenity,vldb,s madnick,1995
1929,declustering databases on heterogeneous disk systems,vldb,"l chen , d rotem , s seshadri",1995
1930,standards for databases on the grid,sigmod record,"s malaika , a eisenberg , j melton",2003
1931,"review of the data warehouse toolkit : the complete guide to dimensional modeling ( 2nd edition ) by ralph kimball , margy ross . john wiley & sons , inc. 2002",,,2003
1932,high-concurrency locking in r-trees,vldb,"m kornacker , d banks",1995
1933,duplicate removal in information system dissemination,vldb,"t yan , h garcia-molina",1995
1934,interview with rakesh agrawal,,,2003
1935,reminiscences on influential papers,,,2003
1936,generalizing gloss to vector-space databases and broker hierarchies,vldb,"l gravano , h garcia-molina",1995
1937,in-context peer-to-peer information filtering on the web,sigmod record,a ouksel,2003
1938,tribeca : a stream database manager for network traffic analysis,vldb,m sullivan,1996
1939,selective information dissemination in p2p networks : problems and solutions,sigmod record,"m koubarakis , c tryfonopoulos , s idreos , y drougas",2003
1940,mineset ( tm ) : a system for high-end data mining and visualization,vldb,,1996
1941,the query optimizer in tandem 's new serverware sql product,vldb,p celis,1996
1942,the hyperion project : from data integration to data coordination,sigmod record,"m arenas , v kantere , a kementsietsidis , i kiringa , r miller , j mylopoulos",2003
1943,"tpc-d : the challenges , issues and results",vldb,r bhashyam,1996
1944,relational data sharing in peer-based data management systems,sigmod record,"b ooi , y shu , k tan",2003
1945,performance of future database systems : bottlenecks and bonananzas,vldb,c baru,1996
1946,what is the data warehousing problem ? ( are materialized views the answer ? ),vldb,"a gupta , i mumick",1996
1947,the piazza peer data management project,sigmod record,"i tatarinov , z ives , j madhavan , a halevy , d suciu , n dalvi , x dong , y kadiyska , g miklau , p mork",2003
1948,peer-to-peer research at stanford,sigmod record,"m bawa , b cooper , a crespo , n daswani , p ganesan , h garcia-molina , s kamvar , s marti , m schlosser , q sun , p vinograd , b yang",2003
1949,the structured information manager : a database system for sgml documents,vldb,r sacks-davis,1996
1950,loading the data warehouse across various parallel architectures,vldb,v raghavan,1996
1951,p-grid : a self-organizing structured p2p system,sigmod record,"k aberer , p cudrщ-mauroux , a datta , z despotovic , m hauswirth , m punceva , r schmidt",2003
1952,"report on the 10th conference on database systems for business , technology , and the web ( btw 2003 )",,,2003
1953,an efficient algorithm for mining association rules in large databases,vldb,"a savasere , e omiecinski , s navathe",1995
1954,discovery of multiple-level association rules from large databases,vldb,"j han , y fu",1995
1955,reminiscences on influential papers,,,2003
1956,a mapping mechanism to support bitmap index and other auxiliary structures on tables stored as primary b + - trees,sigmod record,"e chong , j srinivasan , s das , c freiwald , a yalamanchi , m jagannath , a tran , r krishnan , r jiang",2003
1957,dynamic multi-resource load balancing in parallel database systems,vldb,"e rahm , r marek",1995
1958,interview with michael stonebraker,,,2003
1959,a non-uniform data fragmentation strategy for parallel main-menory database systems,vldb,"n bassiliades , i vlahavas",1995
1960,information rules,sigmod record,d stirling,2003
1961,applying database technology in the adsm mass storage system,vldb,"l cabrera , r rees , w hineman",1995
1962,peer-to-peer : harnessing the power of disruptive technologies,sigmod record,m nascimento,2003
1963,generalized search trees for database systems,vldb,"j hellerstein , j naughton , a pfeffer",1995
1964,fundamentals of data warehouses : 2nd revised and extended edition,sigmod record,v hoffner,2003
1965,a scalable architecture for autonomous heterogeneous database interactions,vldb,"s milliner , a bouguettaya , m papazoglou",1995
1966,"fast similarity search in the presence of noise , scaling , and translation in time-series databases",vldb,"r agrawal , k lin , h sawhney , k shim",1995
1967,towards a database body of knowledge : a study from spain,sigmod record,"c calero , m piattini , f ruiz",2003
1968,research issues for data communication in mobile ad-hoc network database systems,sigmod record,"l fife , l gruenwald",2003
1969,coloring away communication in parallel query optimization,vldb,"w hasan , r motwani",1995
1970,bypassing joins in disjunctive queries,vldb,"m steinbrunn , k peithner , g moerkotte , a kemper",1995
1971,modelling temporal thematic map contents,sigmod record,"a d'onofrio , e pourabbas",2003
1972,xpath processing in a nutshell,,,2003
1973,a practical and modular implementation of extended transaction models,vldb,"r barga , c pu",1995
1974,a data transformation system for biological data sources,vldb,"p buneman , s davidson , k hart , g overton , l wong",1995
1975,issues in data stream management,sigmod record,"l golab , m жzsu",2003
1976,chair 's message,,,2003
1977,aggregate-query processing in data warehousing environments,vldb,"a gupta , v harinarayan , d quass",1995
1978,a web odyssey : from codd to xml,sigmod record,v vianu,2003
1979,eager aggregation and lazy aggregation,vldb,"w yan , p larson",1995
1980,book review column,sigmod record,k aberer,2003
1981,a cost model for clustered object-oriented databases,vldb,"g gardarin , j gruser , z tang",1995
1982,estimating the selectivity of spatial queries using the ` correlation ' fractal dimension,vldb,"a belussi , c faloutsos",1995
1983,an approach to confidence based page ranking for user oriented web search,sigmod record,"d mukhopadhyay , d giri , s singh",2003
1984,acm tods in this internet age,sigmod record,r snodgrass,2003
1985,zoo : a desktop experiment management environment,vldb,"y ioannidis , m livny , s gupta , n ponnekanti",1996
1986,querying multiple features of groups in relational databases,vldb,"d chatziantoniou , k ross",1996
1987,performing jobs without decompression in a compressed database system,sigmod record,"s o'connell , n winterbottom",2003
1988,modeling skewed distribution using multifractals and the ` 80-20 ' law,vldb,"c faloutsos , y matias , a silberschatz",1996
1989,xpath processing in a nutshell,sigmod record,"g gottlob , c koch , r pichler",2003
1990,semantic data caching and replacement,vldb,"s dar , m franklin , b jѓnsson , d srivastava , m tan",1996
1991,interview with jim gray,,,2003
1992,a database approach to quality of service specification in video databases,sigmod record,"e bertino , a elmagarmid , m hacid",2003
1993,implementation and analysis of a parallel collection query language,vldb,d suciu,1996
1994,ansi sql hierarchical processing can fully integrate native xml,sigmod record,m david,2003
1995,obtaining complete answers from incomplete databases,vldb,a levy,1996
1996,object fusion in mediator systems,vldb,"y papakonstantinou , s abiteboul , h garcia-molina",1996
1997,analysis of existing databases at the logical level : the dba companion project,sigmod record,"f marchi , s lopes , j petit , f toumani",2003
1998,database research at ut arlington,sigmod record,"s chakravarthy , y aslandogan , r elmasri , l fegaras , j oh",2003
1999,the role of integrity constraints in database interoperation,vldb,"m vermeer , p apers",1996
2000,multiscale histograms : summarizing topological relations in large spatial datasets,vldb,"x lin , q liu , y yuan , x zhou",2003
2001,query processing in spatial network databases,vldb,"d papadias , j zhang , n mamoulis , y tao",2003
2002,merging models based on given correspondences,vldb,"r pottinger , p bernstein",2003
2003,avoiding ordering and grouping in query processing,vldb,"x wang , m cherniack",2003
2004,anipqo : almost non-intrusive parametric query optimization for nonlinear cost functions,vldb,"a hulgeri , s sudarshan",2003
2005,supporting top-k join queries in relational databases,vldb,"i ilyas , w aref , a elmagarmid",2003
2006,the tpr * - tree : an optimized spatio-temporal access method for predictive queries,vldb,"y tao , d papadias , j sun",2003
2007,efficient approximation of optimization queries under parametric aggregation constraints,vldb,"s guha , d gunopulos , n koudas , d srivastava , m vlachos",2003
2008,cache tables : paving the way for an adaptive database cache,vldb,"m altinel , c bornhіvd , s krishnamurthy , c mohan , h pirahesh , b reinwald",2003
2009,lachesis : robust database storage management based on device-specific performance characteristics,vldb,"j schindler , a ailamaki , g ganger",2003
2010,a dependability benchmark for oltp application environments,vldb,"m vieira , h madeira",2003
2011,primitives for workload summarization and implications for sql,vldb,"s chaudhuri , p ganesan , v narasayya",2003
2012,bhunt : automatic discovery of fuzzy algebraic constraints in relational data,vldb,"p brown , p haas",2003
2013,estimating the output cardinality of partial preaggregation with a measure of clusteredness,vldb,"s helmer , t neumann , g moerkotte",2003
2014,memory requirements for query execution in highly constrained devices,vldb,"n anciaux , l bouganim , p pucheral",2003
2015,tabular placement of relational data on mems-based storage devices,vldb,"h yu , d agrawal , a abbadi",2003
2016,capturing global transactions from multiple recovery log files in a partitioned database system,vldb,"c liu , b lindsay , s bourbonnais , e hamel , t truong , j stankiewitz",2003
2017,the bea/xqrl streaming xquery processor,vldb,"d florescu , c hillery , d kossmann , p lucas , f riccardi , t westmann , m carey , a sundararajan , g agrawal",2003
2018,xml schemas in oracle xml db,vldb,"r murthy , s banerjee",2003
2019,integrated data management for mobile services in the real world,vldb,"c hage , c jensen , t pedersen , l speicys , i timko",2003
2020,improving performance with bulk-inserts in oracle r-trees,vldb,"n an , k kanth , s ravada",2003
2021,statistics on views,vldb,"c galindo-legaria , m joshi , f waas , m wu",2003
2022,efficient query processing for multi-dimensionally clustered tables in db2,vldb,"b bhattacharjee , s padmanabhan , t malkemus , t lai , l cranston , m huras",2003
2023,a platform based on the multi-dimensional data model for analysis of bio-molecular structures,vldb,"s srinivasa , s kumar",2003
2024,controlling access to published data using cryptography,vldb,"g miklau , d suciu",2003
2025,oasis : an online and accurate technique for local-alignment searches on biological sequences,vldb,"c meek , j patel , s kasetty",2003
2026,privacy-preserving indexing of documents on the network,vldb,"m bawa , r jr. , r agrawal",2003
2027,data compression in oracle,vldb,"m pіss , d potapov",2003
2028,operator scheduling in a data stream manager,vldb,"d carney , u чetintemel , a rasin , s zdonik , m cherniack , m stonebraker",2003
2029,efficient ir-style keyword search over relational databases,vldb,"v hristidis , l gravano , y papakonstantinou",2003
2030,locating data sources in large distributed systems,vldb,"l galanis , y wang , s jeffery , d dewitt",2003
2031,robust estimation with sampling and approximate pre-aggregation,vldb,c jermaine,2003
2032,chameleon : an extensible and customizable tool for web data translation,vldb,"r torlone , p atzeni",2003
2033,webservice composition with o'grape and osiris,vldb,"r weber , c schuler , p neukomm , h schuldt , h schek",2003
2034,implementing xquery 1.0 : the galax experience,vldb,"m fernandez , j simщon , b choi , a marian , g sur",2003
2035,xiss/r : xml indexing and storage system using rdbms,vldb,"p harding , q li , b moon",2003
2036,a system for keyword proximity search on xml databases,vldb,"a balmin , v hristidis , n koudas , y papakonstantinou , d srivastava , t wang",2003
2037,xquec : pushing queries to compressed xml data,vldb,"a arion , a bonifati , g costa , s d'aguanno , i manolescu , a pugliese",2003
2038,managing distributed workspaces with active xml,vldb,"s abiteboul , j baumgarten , a bonifati , g cobena , c cremarenco , f dragan , i manolescu , t milo , n preda",2003
2039,orientstore : a schema based native xml storage system,vldb,"x meng , d luo , m lee , j an",2003
2040,xcerpt and visxcerpt : from pattern-based to visual querying of xml and semistructured data,vldb,"s berger , f bry , s schaffert , c wieser",2003
2041,illuminating the dark side of web services,vldb,m brodie,2003
2042,who needs xml databases ?,vldb,s cluet,2003
2043,a database striptease or how to manage your personal databases,vldb,"m kersten , g weikum , m franklin , d keim , a buchmann , s chaudhuri",2003
2044,the zero-delay data warehouse : mobilizing heterogeneous databases,vldb,e kќhn,2003
2045,commercial use of database technology,vldb,h schіning,2003
2046,grid and applications ( industrial session ),vldb,f leymann,2003
2047,web services ( industrial session ),vldb,f cabrera,2003
2048,privacy-enhanced data management for next-generation e-commerce,,,2003
2049,the semantic web : semantics for data on the web,,,2003
2050,irisnet : an architecture for internet-scale sensing services,vldb,"s nath , a deshpande , y ke , p gibbons , b karp , s seshan",2003
2051,"large-scale , standards-based earth observation imagery and web mapping services",vldb,p baumann,2003
2052,quiet : continuous query-driven index tuning,vldb,"k sattler , i geist , e schallehn",2003
2053,chip-secured data access : reconciling access rights with data encryption,vldb,"l bouganim , f ngoc , p pucheral , l wu",2003
2054,an interpolated volume data model,vldb,"t wang , s santini , a gupta",2003
2055,efficacious data cube exploration by semantic summarization and compression,vldb,"l lakshmanan , j pei , y zhao",2003
2056,atlas : a small but complete sql extension for data mining and data streams,vldb,"h wang , c zaniolo , c luo",2003
2057,business modelling using sql spreadsheets,vldb,"a witkowski , s bellamkonda , t bozkaya , n folkert , a gupta , l sheng , s subramanian",2003
2058,from focused crawling to expert information : an application framework for web exploration and portal generation,vldb,"s sizov , j graupmann , m theobald",2003
2059,cacheportal ii : acceleration of very large scale data center-hosted database-driven web applications,vldb,"w li , o po , w hsiung , k candan , d agrawal , y akca , k taniguchi",2003
2060,bibfinder/statminer : effectively mining and using coverage and overlap statistics in data integration,vldb,"z nie , s kambhampati , t hernandez",2003
2061,s-topss : semantic toronto publish/subscribe system,vldb,"m petrovic , i burcea , h jacobsen",2003
2062,"nexusscout : an advanced location-based application on a distributed , open mediation platform",vldb,"d nicklas , m groпmann , t schwarz",2003
2063,schema-driven customization of web services,vldb,"s abiteboul , b amann , j baumgarten , o benjelloun , f ngoc , t milo",2003
2064,integrating information for on demand computing,vldb,n mattos,2003
2065,a nanotechnology-based approach to data storage,vldb,"e eleftheriou , p bфchtold , g cherubini , a dholakia , c hagleitner , t loeliger , a pantazi , h pozidis , t albrecht , g binnig , m despont , u drechsler , u dќrig , b gotsmann , d jubin , w hфberle , m lantz , h rothuizen , r stutz , p vettiger , d wiesmann",2003
2066,the history of histograms ( abridged ),vldb,y ioannidis,2003
2067,the data-centric revolution in networking,vldb,s shenker,2003
2068,xsearch : a semantic search engine for xml,vldb,"s cohen , j mamou , y kanza , y sagiv",2003
2069,complex queries over web repositories,vldb,"s raghavan , h garcia-molina",2003
2070,efficient mining of xml query patterns for caching,vldb,"l yang , m lee , w hsu",2003
2071,an efficient and resilient approach to filtering and disseminating streaming data,vldb,"s shah , s dharmarajan , k ramamritham",2003
2072,phrase matching in xml,vldb,"s amer-yahia , m fernandez , d srivastava , y xu",2003
2073,rrxf : redundancy reducing xml storage in relations,vldb,"y chen , s davidson , c hara , y zheng",2003
2074,mars : a system for publishing xml from mixed and redundant storage,vldb,"a deutsch , v tannen",2003
2075,projecting xml documents,vldb,"a marian , j simщon",2003
2076,mixed mode xml query processing,vldb,"a halverson , j burger , l galanis , a kini , r krishnamurthy , a rao , f tian , s viglas , y wang , j naughton , d dewitt",2003
2077,from tree patterns to generalized tree patterns : on efficient evaluation of xquery,vldb,"z chen , h jagadish , l lakshmanan , s paparizos",2003
2078,efficient processing of expressive node-selecting queries on xml data in secondary storage : a tree automata-based approach,vldb,c koch,2003
2079,query processing for high-volume xml message brokering,vldb,"y diao , m franklin",2003
2080,a framework for clustering evolving data streams,vldb,"c aggarwal , j han , j wang , p yu",2003
2081,a regression-based temporal pattern mining scheme for data streams,vldb,"w teng , m chen , p yu",2003
2082,on the costs of multilingualism in database systems,vldb,"a kumaran , j haritsa",2003
2083,distributed top-n query processing with possibly uncooperative local systems,vldb,"c yu , g philip , w meng",2003
2084,optimized query execution in large search engines with global page ordering,vldb,"x long , t suel",2003
2085,path queries on compressed xml,vldb,"p buneman , m grohe , c koch",2003
2086,on the minimization of xpath queries,vldb,"s flesca , f furfaro , e masciari",2003
2087,covering indexes for xml queries : bisimulation - simulation = negation,vldb,p ramanan,2003
2088,buffering accesses to memory-resident index structures,vldb,"j zhou , k ross",2003
2089,balancing performance and data freshness in web database servers,vldb,"a labrinidis , n roussopoulos",2003
2090,vipas : virtual link powered authority search in the web,vldb,"c lin , m chen",2003
2091,sash : a self-adaptive histogram set for dynamically changing workloads,vldb,"l lim , m wang , j vitter",2003
