acm_record_id,doc_authors,date_year,conference_name,research_title
1569,"erik riedel , gregory r. ganger , david nagle , christos faloutsos",2000,sigmod conference,data mining on an oltp system ( nearly ) for free
1570,"srinath srinivasa , sujit kumar",2003,vldb,a platform based on the multi-dimensional data model for analysis of bio-molecular structures
1571,"klaus r. dittrich , ruxandra domenig",1999,sigmod record,an overview and classification of mediated query systems
1572,"kaushik chakrabarti , sharad mehrotra",2000,vldb,local dimensionality reduction : a new approach to indexing high dimensional spaces
1573,ibrahim cingil,2002,sigmod record,supporting global user profiles through trusted authorities
1574,?,1996,sigmod record,mqseries and cics link for lotus notes
1575,"runping qi , kuan yee , brian sterling , nicolas adiba , michael j. carey , david rieber , steve kirsch , michael blow , john c. shafer , rajendra panwar , daniela florescu , mary roth , dan wineman , david li , bert van der linden , brian vickery , ivan oprencak , tolga urhan",2001,vldb,the propel distributed services platform
1576,"kinji ono , jihad boulos",1999,sigmod record,cost estimation of user-defined methods in object-relational database systems
1577,peter z. revesz,1998,acm trans . database syst .,safe query languages for constraint databases
1578,"theodore johnson , charles d. cranor , oliver spatscheck , vladislav shkapenyuk",2003,sigmod conference,gigascope : a stream database for network applications
1579,"martin theobald , sergej sizov , jens graupmann",2003,vldb,from focused crawling to expert information : an application framework for web exploration and portal generation
1580,jia liang han,1998,vldb j.,"optimizing relational queries in connection hypergraphs : nested queries , views , and binding propagations"
1581,"tolga urhan , michael j. franklin , laurent amsaleg",1998,sigmod conference,cost based query scrambling for initial delays
1582,"ethan l. miller , theodore johnson",1998,vldb,performance measurements of tertiary storage devices
1583,"tianqiu wang , yannis papakonstantinou , nick koudas , vagelis hristidis , andrey balmin , divesh srivastava",2003,vldb,a system for keyword proximity search on xml databases
1584,"giansalvatore mecca , valter crescenzi , paolo merialdo",2001,vldb,roadrunner : towards automatic data extraction from large web sites
1585,rafael camps,2002,sigmod record,from ternary relationship to relational tables : a case against common beliefs
1586,"shivnath babu , rajeev rastogi , minos n. garofalakis",2001,sigmod conference,spartan : a model-based semantic compression system for massive data tables
1587,"a. prasad sistla , ouri wolfson , yixiu huang",1994,sigmod conference,data replication for mobile computers
1588,"sophie cluet , fanny wattez , véronique benzaken , guy ferran , christian fiegel",2000,sigmod conference,benchmarking queries over trees : learning the hard truth the hard way
1589,"wolfgang wonner , gerhard weikum , michael gillmann",2002,sigmod conference,workflow management with service quality guarantees
1590,luciana duranti,2001,vldb,the long-term preservation of authentic electronic records
1591,robert s. epstein,1995,sigmod conference,keynote address
1592,stuart e. madnick,1995,vldb,from vldb to vmldb ( very many large data bases ) : dealing with large-scale semantic heterogenity
1593,"mehul a. shah , wei hong , sirish chandrasekaran , samuel madden , sailesh krishnamurthy , amol deshpande , frederick reiss , owen cooper , joseph m. hellerstein , michael j. franklin",2003,sigmod conference,telegraphcq : continuous dataflow processing
1594,"curtis e. dyreson , torben bach pedersen , christian s. jensen",2000,vldb,the treescape system : reuse of pre-computed aggregates over irregular olap hierarchies
1595,"richard t. snodgrass , dengfeng gao",2003,vldb,temporal slicing in the evaluation of xml queries
1596,"daniela florescu , alberto o. mendelzon , alon y. levy",1998,sigmod record,database techniques for the world-wide web : a survey
1597,"frans coetzee , steve lawrence , michelangelo diligenti , marco gori , c. lee giles",2000,vldb,focused crawling using context graphs
1598,"sharad mehrotra , kaushik chakrabarti",1999,sigmod conference,efficient concurrency control in multidimensional access methods
1599,"stefan deßloch , joachim thomas , nelson mendonça mattos",1995,sigmod conference,design and implementation of advanced knowledge processing in the kdms krisys ( demonstration description )
1600,"matthew huras , leslie cranston , bishwaranjan bhattacharjee , sriram padmanabhan , timothy malkemus , tony lai",2003,vldb,efficient query processing for multi-dimensionally clustered tables in db2
1601,victor vianu,2003,sigmod record,a web odyssey : from codd to xml
1602,"hans-peter kriegel , raymond t. ng , markus m. breunig , jörg sander",2000,sigmod conference,lof : identifying density-based local outliers
1603,"chris olston , jennifer widom",2002,sigmod conference,best-effort cache synchronization with source cooperation
1604,"jae-jun hwang , mauricio a. hernández , salvatore j. stolfo , hasanat m. dewan",1994,sigmod conference,predictive dynamic load balancing of parallel and distributed rule and query processing
1605,"divyakant agrawal , amr el abbadi , hailing yu",2003,vldb,tabular placement of relational data on mems-based storage devices
1606,christoph koch,2003,vldb,efficient processing of expressive node-selecting queries on xml data in secondary storage : a tree automata-based approach
1607,xiaolei qian,1995,sigmod record,"opportunities at arpa , nsf , and elsewhere"
1608,"takeshi tokuyama , takeshi fukuda , yasuhiko morimoto , shinichi morishita",1996,sigmod conference,sonar : system for optimized numeric associationrules
1609,"anne h. h. ngu , athman bouguettaya , brahim medjahed , ahmed k. elmagarmid , boualem benatallah",2003,vldb j.,business-to-business interactions : issues and enabling technologies
1610,"vagelis hristidis , yannis papakonstantinou",2002,vldb,discover : keyword search in relational databases
1611,"richard jeffers , divyakant agrawal , amr el abbadi , lijing lin",1995,vldb j.,ordered shared locks for real-time databases
1612,?,2002,sigmod conference,"proceedings of the 2002 acm sigmod international conference on management of data , madison , wisconsin , june 3-6 , 2002"
1613,"per-åke larson , jingren zhou , jonathan goldstein",2003,sigmod conference,transparent mid-tier database caching in sql server
1614,"etzard stolte , thomas r. gross , gustavo alonso , christoph von praun",2003,sigmod conference,scientific data repositories : designing for a moving target
1615,"piero fraternali , stefano paraboschi , stefano ceri",1998,sigmod conference,the idea web lab
1616,"anthony tomasic , eric simon",1997,sigmod record,improving access to environmental data using context information
1617,"h. stephen au-yeung , c. p. chou , yuh-ming shyy",1995,sigmod conference,versant replication : supporting fault-tolerant object databases
1618,"stanley b. zdonik , demet aksoy , michael j. franklin",2001,vldb,data staging for on-demand broadcast
1619,praveen seshadri,1998,sigmod record,predator : a resource for database research
1620,"kazuhiko mogi , masaru kitsuregawa",1995,vldb,hot block clustering for disk arrays with dynamic striping
1621,"jeffrey f. naughton , janet l. wiener",1995,vldb,oodb bulk loading revisited : the partitioned-list approach
1622,"wolf siberski , wolfgang nejdl , michael sintek",2003,sigmod record,design issues and challenges for rdf - and schema-based peer-to-peer systems
1623,"ada wai-chee fu , yin-ling cheung , yiu sang moon , polly mei-shuen chan",2000,vldb j.,dynamic vp-tree indexing for n-nearest neighbor search given pair-wise distances
1624,"yuguo liu , yiming li , pradip kanjamala , rui chen , yonghui wang , peter z. revesz",2000,sigmod conference,the mlpq/gis constraint database system
1625,"laks v. s. lakshmanan , xiaodong zhou , raymond t. ng , theodore johnson , christine xing wang",2002,vldb,the generalized mdl approach for summarization
1626,"k. selçuk candan , wang-pin hsiung , oliver po , divyakant agrawal , wen-syan li",2002,vldb,view invalidation for dynamic content caching in multitiered architectures
1627,"shetal shah , krithi ramamritham , prashant j. shenoy",2002,vldb,maintaining coherency of dynamic data in cooperating repositories
1628,richard t. snodgrass,2002,sigmod record,tods perceptions and misconceptions
1629,"balakrishna r. iyer , jeffrey scott vitter , p. krishnan",1996,sigmod conference,estimating alphanumeric selectivity in the presence of wildcards
1630,vijay kumar,2003,sigmod record,sensor : the atomic computing particle
1631,"surajit chaudhuri , kyuseok shim",1996,vldb,optimization of queries with user-defined predicates
1632,"anastassia ailamaki , andrew therber , yannis e. ioannidis , anand narayanan , miron livny",1997,sigmod conference,zoo : a desktop emperiment management environment
1633,"kaippallimalil j. jacob , dennis shasha",1999,sigmod record,fintime - a financial time series benchmark
1634,"leonid libkin , timothy griffin",1995,sigmod conference,incremental maintenance of views with duplicates
1635,hartmut wedekind,1994,sigmod record,are the terms version and variant orthogonal to one another ? a critical assessment of the step standardization
1636,"rachel pottinger , alon y. halevy , philip a. bernstein",2000,sigmod record,a vision of management of complex models
1637,"roger h. l. chiang , ee-peng lim , chua eng huang cecil",2003,vldb j.,instance-based attribute identification in database integration
1638,"william j. mciver jr. , roger king",1994,sigmod conference,"self-adaptive , on-line reclustering of complex object data"
1639,"mitch cherniack , kenneth a. ross , gottfried vossen",2003,sigmod record,reminiscences on influential papers
1640,?,1995,sigmod record,calls for papers and announcements
1641,"christos faloutsos , volker gaede",1996,vldb,analysis of n-dimensional quadtrees using the hausdorff fractal dimension
1642,a. r. dasgupta,1996,vldb,large databases for remote sensing and gis
1643,"barbara t. bauldock , gladys a. cotter",2000,vldb,biodiversity informatics infrastructure : an information commons for the biodiversity community
1644,"till westmann , sven helmer , guido moerkotte , donald kossmann",2000,sigmod record,the implementation and performance of compressed databases
1645,"christos h. papadimitriou , anant jhingran , yannis e. ioannidis , kenneth a. ross",2000,sigmod record,reminiscences on influential papers
1646,"thomas seidl , marco pötke , hans-peter kriegel",2000,vldb,managing intervals efficiently in object-relational databases
1647,"benny souder , bob jenkins , lip boon doo , peter lim , gordon smith , dean daniels , curtis elsbernd , gary hallmark , alan downing , jim stamos , sandeep jain",1994,sigmod conference,oracle 's symmetric replication technology and implications for application design
1648,"seth j. white , david j. dewitt",1995,vldb j.,quickstore : a high performance mapped object store
1649,"hartmut liefke , dan suciu",2000,sigmod conference,xmill : an efficient compressor for xml data
1650,"nick roussopoulos , christos faloutsos , timos k. sellis",1997,vldb,multidimensional access methods : trees have grown everywhere
1651,"nicolas bruno , surajit chaudhuri",2002,sigmod conference,exploiting statistics on query expressions for optimization
1652,"sudarshan s. chawathe , ming-syan chen , philip s. yu",1994,vldb,on index selection schemes for nested object hierarchies
1653,"mark g. l. m. van doorn , arjen p. de vries , henk m. blanken , peter m. g. apers",1999,vldb,the mirror mmdbms architecture
1654,"ming-chien shan , fabio casati , umeshwar dayal",2000,sigmod record,vldb workshop on technologies in e-services ( tes )
1655,"thodoros topaloglou , adel shrufi , vinay k. chaudhri , dimitris plexousakis , john mylopoulos",1996,vldb j.,building knowledge base management systems
1656,"wei fan , wenke lee",2001,sigmod record,mining system audit data : opportunities and challenges
1657,"weiyi meng , naphtali rishe , clement t. yu , king-lup liu , xiaodong wang , yuhsi chang",1998,vldb,determining text databases to search in the internet
1658,"rajeev rastogi , minos n. garofalakis , chee yong chan",2002,vldb,re-tree : an efficient index structure for regular expressions
1659,"george m. bryan , j. geyer , wayne e. moore , b. j. curry , k. w. lodge",1994,sigmod conference,the medusa project : autonomous data management in a shared-nothing parallel database machine
1660,"kevin s. beyer , roberta cochrane , kenneth salem , bruce g. lindsay",2000,sigmod conference,how to roll a join : asynchronous incremental view maintenance
1661,"stefano ceri , elena baralis , stefano paraboschi",1996,acm trans . database syst .,modularization techniques for active rules design
1662,"fabrizio ferrandina , guy ferran , thorsten meyer , roberto zicari , joëlle madec",1995,vldb,schema and database evolution in the o2 object database system
1663,"alfons kemper , christian wiesner",2001,vldb,hyperqueries : dynamic distributed query processing on the internet
1664,"jason mchugh , jennifer widom",1999,vldb,query optimization for xml
1665,donald r. deutsch,1995,sigmod conference,objects and sql : strange relations ? panel
1666,"karl aberer , xiaoya yang , klemens böhm , erich j. neuhold",1997,vldb j.,structured document storage and refined declarative and navigational access mechanisms in hyperstorm
1667,"demet aksoy , mehmet altinel , stanley b. zdonik , thomas baby , william shapiro , michael j. franklin",1999,sigmod conference,dbis-toolkit : adaptable middleware for large scale data delivery
1668,"amr el abbadi , yi-leh wu , divyakant agrawal",2001,sigmod conference,using the golden rule of sampling for query estimation
1669,"joel h. saltz , john burgess , felipe cariño , william o'connell",1999,vldb,"active storage hierarchy , database systems and applications - socratic exegesis"
1670,"deok-hwan kim , ju-hong lee , chin-wan chung",1999,sigmod conference,multi-dimensional selectivity estimation using compressed histogram information
1671,"linas bukauskas , curtis e. dyreson , michael h. böhlen",1999,sigmod conference,the jungle database search engine
1672,arun hampapur,1999,sigmod record,semantic video indexing : approach and issue
1673,"anastasio molano , alberto pan , paula montoto , juan raposo , lucía ardao , manuel álvarez , vicente orjales , ángel viña , justo hidalgo",2002,vldb,the denodo data integration platform
1674,"yoëlle s. maarek , david carmel , aya soffer",2001,sigmod record,xml and information retrieval : a sigir 2000 workshop
1675,"alfons kemper , ehud gudes , natalija krivokapic",1999,vldb j.,deadlock detection in distributed database systems : a new algorithm and a comparative performance analysis
1676,c. mohan,2002,vldb,application servers and associated technologies
1677,"luis gravano , junyan ding , narayanan shivakumar",2000,vldb,computing geographical scopes of web resources
1678,"ray suorsa , john nauman",1998,sigmod conference,"developing a high traffic , read-only web site"
1679,"hector garcia-molina , murty valiveti , chen li , ramana yerneni , jeffrey d. ullman , vasilis vassalos , yannis papakonstantinou",1998,sigmod conference,capability based mediation in tsimmis
1680,"mitch cherniack , stanley b. zdonik",1996,sigmod conference,rule languages and internal algebras for rule-based optimizers
1681,"andrew eisenberg , jim melton",2002,sigmod record,sql/xml is making good progress
1682,"anand deshpande , josé a. blakeley",2000,sigmod conference,tutorial : data access
1683,"michel tourn , man abrol , john wang , grace zhang , jianchang mao , uma mahadevan , rajat mukherjee , prabhakar raghavan , neil latarche",2001,vldb,navigating large-scale semi-structured data in business portals
1684,"michael eitan , valerie gregg , carlo batini , d. b. phatak , yeha el atfi , krithi ramamritham",2000,vldb,"social , educational , and governmental change enabled through information technology"
1685,"fabrizio ferrandina , thorsten meyer , roberto zicari",1994,vldb,implementing lazy database updates for an object database system
1686,"christian convey , sangdon lee , ugur çetintemel , daniel j. abadi , michael stonebraker , mitch cherniack , donald carney , stanley b. zdonik , nesime tatbul",2003,vldb j.,aurora : a new model and architecture for data stream management
1687,"jan-eike michels , peter m. schwarz , krishna g. kulkarni , vanja josifovski , jim melton",2002,sigmod record,sql/med - a status report
1688,h. v. jagadish,2000,sigmod record,acm-sigmod digital review
1689,michael j. carey,1994,sigmod conference,parallel database systems in the 1990 's
1690,"joseph m. hellerstein , vijayshankar raman",2002,sigmod conference,partial results for online query processing
1691,"jan van den bussche , marc andries , jan paredaens , luca cabibbo",2001,acm trans . database syst .,applying an update method to a set of receivers
1692,"alexander brodsky , yoram kornatzky",1995,sigmod conference,the lyric language : querying constraint objects
1693,"elena ferrari , pierangela samarati , claudio bettini , elisa bertino",1998,acm trans . database syst .,an access control model supporting periodicity constraints and temporal reasoning
1694,"florian krebs , christian böhm , bernhard braunmüller , hans-peter kriegel",2001,sigmod conference,epsilon grid order : an algorithm for the similarity join on massive high-dimensional data
1695,"shankar pal , thomas bergstraesser , philip a. bernstein , david shutt",1999,sigmod conference,versions and workspaces in microsoft repository
1696,"brad adelberg , ben kao , hector garcia-molina",1996,sigmod record,overview of the stanford real-time information processor ( strip )
1697,"øystein torbjørnsen , svein erik bratsberg",2000,sigmod conference,tutorial : designing an ultra highly available dbms
1698,"yannis sismanis , yannis kotidis , nick roussopoulos",1999,sigmod conference,the active multisync controller of the cubetree storage organization
1699,"laura m. haas , ling-ling yan , ronald fagin , renée j. miller",2001,sigmod conference,data-driven understanding and refinement of schema mappings
1700,"miron livny , michael j. carey , hweehwa pang",1994,sigmod conference,managing memory for real-time queries
1701,"dimitrios georgakopoulos , ming-chien shan , fabio casati",2001,vldb j.,e-services - guest editorial
1702,"joel l. wolf , cecilia magdalena procopiuc , jong soo park , charu c. aggarwal , philip s. yu",1999,sigmod conference,fast algorithms for projected clustering
1703,"kothuri venkata ravi kanth , siva ravada , daniel abugov",2002,sigmod conference,quadtree and r-tree indexes in oracle spatial : a comparison using gis data
1704,"piero fraternali , stefano paraboschi , stefano ceri",1999,sigmod record,design principles for data-intensive web sites
1705,asuman dogac,1998,sigmod record,guest editor 's introduction
1706,"marianne winslett , kenneth smith , xiaolei qian",1994,acm trans . database syst .,formal query languages for secure relational databases
1707,"val tannen , arnaud sahuguet , alin deutsch , lucian popa",2000,sigmod conference,a chase too far ?
1708,rafael alonso,1994,sigmod record,trade press news
1709,"césar a. galindo-legaria , michael j. franklin , leonard j. seligman , guy m. lohman",2001,sigmod record,sigmod 2001 industry sessions
1710,?,2000,vldb,author index
1711,"krishnamurty muralidhar , rathindra sarathy",1999,acm trans . database syst .,security of random data perturbation methods
1712,"marek rusinkiewicz , tomasz ksiezyk , richard s. brice , ray shea , vipul kashyap , andrzej cichocki , mosfeq rashid , c. unnikrishnan , abdelsalam helal , amy unruh , marian h. nodine , jerry fowler , darrell woelk , gale martin , roberto j. bayardo jr. , william bohrer",1997,sigmod conference,the infosleuth project
1713,"p. p. s. narayan , s. sudarshan , s. gogate , j. miller , abraham silberschatz , c. gupta , jerry baulier , m. wilder , henry f. korth , peter mcilroy , s. haldar , s. seshadri , philip bohannon , c. wei , a. khivesera , s. joshi , rajeev rastogi , m. nemeth",1999,sigmod conference,datablitz storage manager : main memory database performance for critical applications
1714,"jens claußen , christian wiesner , donald kossmann , alfons kemper",2000,vldb j.,exploiting early sorting and early partitioning for decisionsupport query processing
1715,"suresh kumar , eng-kee kwang , divyakant agrawal",1997,vldb,caprera : an activity framework for transaction processing on wide-area networks
1716,"clement t. yu , hai he , zonghuan wu , weiyi meng",2003,vldb,wise-integrator : an automatic integrator of web search interfaces for e-commerce
1717,"hanan samet , gísli r. hjaltason",1999,acm trans . database syst .,distance browsing in spatial databases
1718,r. g. g. cattell,1994,sigmod conference,odmg-93 : a standard for object-oriented dbmss
1719,marianne winslett,2001,sigmod record,"gio wiederhold speaks out on moving into academia in mid-career , how to be an effective consultant , why you should be a program manager as a funding agency , the need for ontology algebra and simulations , and more"
1720,"guy m. lohman , daniel c. zilio , sam lightstone",2002,sigmod record,toward autonomic computing with db2 universal database
1721,"xueqing gong , kun yue , aoying zhou , zhimao guo , jianchang xiao , wenfei fan , hongwei wu , qing wang , shihui zheng",2003,sigmod conference,trex : dtd-conforming xml to xml transformations
1722,"stephen kelley , frédéic vincent , nick roussopoulos",1995,sigmod conference,nearest neighbor queries
1723,"volker markl , mokhtar kandil , guy m. lohman , michael stillger",2001,vldb,leo - db2 's learning optimizer
1724,"manfred a. jeusfeld , franz baader , werner nutt",1997,sigmod record,intelligent access to heterogeneous information sources : report on the 4th workshop on knowledge representation meets databases
1725,"antoni olivé , ernest teniente",1995,vldb j.,updating knowledge bases while maintaining their consistency
1726,"weimin du , ming-chien shan , umeshwar dayal",1995,sigmod conference,reducing multidatabase query response time by tree balancing
1727,"david hanley , robert l. grossman , xiao qin",1995,sigmod conference,ptool : a light weight persistent object manager
1728,"s. muthukrishnan , h. v. jagadish , kenneth c. sevcik , torsten suel , nick koudas , viswanath poosala",1998,vldb,optimal histograms with quality guarantees
1729,"michael d. soo , richard t. snodgrass , michael h. böhlen",1996,vldb,coalescing in temporal databases
1730,"abraham silberschatz , rajeev rastogi , banu özden , prashant j. shenoy",1996,sigmod conference,fault-tolerant architectures for continuous media servers
1731,"gísli r. hjaltason , hanan samet",2002,vldb j.,speeding up construction of pmr quadtree-based spatial indexes
1732,jennifer widom,1996,sigmod record,editor 's notes
1733,"jianwen su , guozhu dong",2000,sigmod record,incremental maintenance of recursive views using relational calculus/sql
1734,"sam lightstone , guy m. lohman",2002,vldb,smart : making db2 ( more ) autonomic
1735,"gerhard köstler , werner kießling",2002,vldb,"preference sql - design , implementation , experiences"
1736,"mark girolami , fabio crestani",2002,sigmod record,report on the 24th european colloquium on information retrieval research
1737,"beng chin ooi , kian-lee tan , cheng hian goh",1999,vldb,online feedback for nested aggregate queries with multi-threading
1738,"aoying zhou , wenyun ji , shihui zheng , hongjun lu , yuqi liang , zengping tian , long zhang",2001,vldb,vxmlr : a visual xml-relational database system
1739,"carlo zaniolo , vassilis j. tsotras , shu-yao chien",2001,sigmod record,xml document versioning
1740,"michael j. franklin , stanley b. zdonik",1998,sigmod conference,data in your face : push technology in perspective
1741,"s. sudarshan , rajeev rastogi , s. seshadri , mohana krishna lakhamraju",2000,sigmod conference,on-line reorganization in object databases
1742,"ning an , siva ravada , kothuri venkata ravi kanth",2003,vldb,improving performance with bulk-inserts in oracle r-trees
1743,"joel l. wolf , charu c. aggarwal , philip s. yu",1999,sigmod conference,a new method for similarity indexing of market basket data
1744,"h. v. jagadish , kian-lee tan , hui jin , beng chin ooi",2001,sigmod conference,global optimization of histograms
1745,"paolo merialdo , giansalvatore mecca , paolo atzeni",1997,sigmod record,semistructured und structured data in the web : going back and forth
1746,"tak w. yan , hector garcia-molina",1995,vldb,duplicate removal in information system dissemination
1747,"rachel pottinger , alon y. halevy",2001,vldb j.,minicon : a scalable algorithm for answering queries using views
1748,"s.-k . kim , eman anwar , sharma chakravarthy , v. krishnaprasad",1994,vldb,"composite events for active databases : semantics , contexts and detection"
1749,james chong,1998,sigmod conference,real business processing meets the web
1750,"nenad jukic , susan v. vrbsky",1997,sigmod record,asserting beliefs in mls relational models
1751,"david shutt , philip a. bernstein , shankar pal",2000,vldb j.,context-based prefetch - an optimization for implementing objects on relations
1752,"peter m. chen , wee teck ng",1998,vldb j.,integrating reliable memory in databases
1753,ralf hartmut güting,1994,vldb j.,an introduction to spatial database systems
1754,"nathan folkert , abhinav gupta , andrew witkowski , lei sheng , sankar subramanian , srikanth bellamkonda , gregory dorman , tolga bozkaya",2003,sigmod conference,spreadsheets in rdbms for olap
1755,barbara staudt lerner,2000,acm trans . database syst .,a model for compound type changes encountered in schema evolution
1756,"jordan parker , jesse anton , zheng zeng , lawrence jacobs , tie zhong , xiang liu",2002,sigmod conference,web caching for database applications with oracle web cache
1757,"paul ammann , indrakshi ray , sushil jajodia",1995,vldb,using formal methods to reason about semantics-based decompositions of transactions
1758,"jian pei , guozhu dong , ke wang , jiawei han , jianyong wang",2002,sigmod conference,cubeexplorer : online exploration of data cubes
1759,"gottfried vossen , jens lechtenbörger , dominique laurent , nicolas spyratos",2001,vldb j.,monotonic complements for independent data warehouses
1760,"farnoush banaei kashani , jabed faruque , adil faisal , cyrus shahabi",2000,vldb,insite : a tool for interpreting users ? interaction with a web space
1761,z. meral özsoyoglu,2000,sigmod record,vice chair 's message
1762,sherri kennamer,1998,sigmod conference,microsoft.com : a high-scale data management and transaction processing solution
1763,fox development team,1995,sigmod conference,"object-oriented , rapid application development in a pc database environment"
1764,stefano spaccapietra,1994,vldb,user interfaces ; who cares ?
1765,"johannes gehrke , rakesh agrawal , dimitrios gunopulos , prabhakar raghavan",1998,sigmod conference,automatic subspace clustering of high dimensional data for data mining applications
1766,sumit ganguly,1998,vldb,design and analysis of parametric query optimization algorithms
1767,"yunyue zhu , xiaojian zhao , dennis shasha",2003,sigmod conference,query by humming - in action with its technology revealed
1768,"martin wechsler , ulrike glavitsch , peter schäuble",1994,sigmod record,metadata for integrating speech documents in a text retrieval system
1769,"peter j. haas , jeffrey f. naughton , gang luo , curt ellmann",2002,sigmod conference,a scalable hash ripple join algorithm
1770,"timos k. sellis , yannis vassiliou",1995,sigmod record,the database group at national technical university of athens ( ntua )
1771,"rakesh agrawal , jerry kiernan",2002,vldb,watermarking relational databases
1772,"stanley y. w. su , javier arroyo , herman lam , yuh-ming shyy",1996,vldb j.,the design and implementation of k : a high-level knowledge-base programming language of osam * . kbms
1773,"beng chin ooi , dimitris papadias , kian-lee tan , wee siong ng , panos kalnis",2002,sigmod conference,an adaptive peer-to-peer network for distributed caching of olap results
1774,"jonathan goldstein , raghu ramakrishnan",2000,vldb,contrast plots and p-sphere trees : space vs. time in nearest neighbour searches
1775,"haixun wang , carlo zaniolo",2000,vldb,using sql to build new aggregates and extenders for object - relational systems
1776,"hua zhu , kan hu , jian pei , runying mao",2000,sigmod conference,towards data mining benchmarking : a testbed for performance study of frequent pattern mining
1777,"s. muthukrishnan , flip korn",2000,sigmod conference,influence sets based on reverse nearest neighbor queries
1778,"heikki mannila , thomas eiter , georg gottlob",1997,acm trans . database syst .,disjunctive datalog
1779,"leana golubchik , kelvin kwok-wai law , john c. s. lui",1999,vldb j.,efficient support for interactive service in multi-resolution vod systems
1780,"césar a. galindo-legaria , ming-chuan wu , milind joshi , florian waas",2003,vldb,statistics on views
1781,"arnaud sahuguet , fabien azavant",1999,vldb,building light-weight wrappers for legacy web data-sources using w4f
1782,"divesh srivastava , kenneth a. ross",1997,vldb,fast computation of sparse datacubes
1783,"omar benjelloun , tova milo , serge abiteboul , frederic dang ngoc , bernd amann",2003,sigmod conference,exchanging intensional xml data
1784,"divesh srivastava , s. sudarshan , kenneth a. ross",1996,sigmod conference,materialized view maintenance and integrity constraint checking : trading space for time
1785,"kam-yiu lam , krithi ramamritham , alan kwan",2002,vldb,rtmonitor : real-time data monitoring using mobile agent technologies
1786,"jim melton , andrew eisenberg",1999,sigmod record,"sql : 1999 , formerly known as sql 3"
1787,"sophie cluet , michel scholl , serge abiteboul , vassilis christophides",1994,sigmod conference,from structured documents to novel query facilities
1788,"walid g. aref , ahmed k. elmagarmid , ihab f. ilyas",2003,vldb,supporting top-k join queries in relational databases
1789,"michael mlivoncic , roger weber , klemens böhm , hans-jörg schek",2001,vldb,fast evaluation techniques for complex similarity queries
1790,"gautam das , sanjay agrawal , surajit chaudhuri",2002,sigmod conference,dbxplorer : enabling keyword search over relational databases
1791,"aiqun du , james p. callan , margaret e. connell",1999,sigmod conference,automatic discovery of language models for text databases
1792,"vincent aguilera , dan vodislav , pierangelo veltri , sophie cluet , tova milo",2002,vldb j.,views in a large-scale xml repository
1793,felipe cabrera,2003,sigmod conference,the future of web services - ii
1794,"chu yee liau , aoying zhou , wee siong ng , ming zhang , bo ling , chin hong goh , yanfeng shu , kian-lee tan , yingguang li , xiaoyu wang , beng chin ooi",2003,sigmod conference,peerdb : peering into personal databases
1795,frédéric cuppens,1996,vldb,querying a multilevel database : a logical analysis
1796,"arnd christian könig , gerhard weikum",1999,vldb,combining histograms and parametric curve fitting for feedback-driven query result-size estimation
1797,"hakan hacigümüs , chen li , sharad mehrotra , balakrishna r. iyer",2002,sigmod conference,executing sql over encrypted data in the database-service-provider model
1798,"jun yang , jennifer widom",2003,vldb j.,incremental computation and maintenance of temporal aggregates
1799,"richard hull , mohammed rupawalla , michael doherty",1996,sigmod conference,structures for manipulating proposed updates in object-oriented databases
1800,narayanan shivakumar,2003,sigmod conference,google in a box - building the google search appliance
1801,carrie ballinger,1994,sigmod conference,evolving teradata decision support for massively parallel processing with unix
1802,"werner strauß , gerhard dünzinger , werner kießling , helmut schmidt",1994,vldb j.,declare and sds : early efforts to commercialize deductive database technology
1803,"jessica m. phan , raymond t. ng",2002,sigmod conference,gea : a toolkit for gene expression analysis
1804,hannes spintzik,1995,vldb,informix-online xps : a dynamically scalable rdbms for open parallel platforms
1805,"richard t. snodgrass , vassilis j. tsotras , christian s. jensen",1998,sigmod record,an extensible notation for spatiotemporal index queries
1806,"jennifer widom , stefano ceri , roberta cochrane",2000,vldb,practical applications of triggers and constraints : success and lingering issues ( 10-year award )
1807,"mohamed zaït , giuseppe psaila , edward l. wimmers , rakesh agrawal",1995,vldb,querying shapes of histories
1808,"eugene j. shekita , viswanath poosala , yannis e. ioannidis , peter j. haas",1996,sigmod conference,improved histograms for selectivity estimation of range predicates
1809,"goetz graefe , patrick e. o'neil",1995,sigmod record,multi-table joins through bitmapped join indices
1810,"graham n. c. kirby , ronald morrison , evangelos zirintsis",1999,vldb,hyper-programming in java
1811,"angela bonifati , stefano ceri",2000,sigmod record,comparative analysis of five xml query languages
1812,"anand rajaraman , alon y. levy , joann j. ordille",1996,vldb,querying heterogeneous information sources using source descriptions
1813,"mahesh jagannath , eugene inseok chong , aravind yalamanchi , chuck freiwald , souripriya das , anh-tuan tran , jagannathan srinivasan , richard jiang , ramkumar krishnan",2003,sigmod record,a mapping mechanism to support bitmap index and other auxiliary structures on tables stored as primary b + - trees
1814,the access team,1995,sigmod conference,upsizing from file server to clent server architectures
1815,"tore risch , vanja josifovski",1999,vldb,integrating heterogenous overlapping databases through object-oriented transformations
1816,"beng chin ooi , kian-lee tan , hongjun lu",1994,vldb,on spatially partitioned temporal join
1817,nancy wiegand,2002,sigmod record,investigating xquery for querying across database object types
1818,"peter j. haas , joseph m. hellerstein",1999,sigmod conference,ripple joins for online aggregation
1819,"curt ellmann , roger lueder , jignesh m. patel , jie-bing yu , nancy e. hall , josef burger , david j. dewitt , navin kabra , karthikeyan ramasamy , shelly guo , jeffrey f. naughton , biswadeep nag , jim kupsch , kristin tufte",1997,sigmod conference,"building a scaleable geo-spatial dbms : technology , implementation , and evaluation"
1820,c. mohan,1994,sigmod conference,a survey and critique of advanced transaction models
1821,c. mohan,2001,vldb,caching technologies for web applications
1822,arnon rosenthal,1998,sigmod record,where will object techonology drive data administration ?
1823,"michael stonebraker , mitch cherniack , donald carney , stanley b. zdonik , alex rasin , ugur çetintemel",2003,vldb,operator scheduling in a data stream manager
1824,"anil nori , vishu krishnamurthy , sandeepan banerjee",1999,sigmod conference,bringing object-relational technology to mainstream
1825,won kim,1994,sigmod record,observations on the odmg-93 proposal
1826,hasan m. jamil,1997,vldb,implementing abstract objects with inheritance in datalogneg
1827,"jun gao , jian pei , tengjiao wang , shiwei tang , yuqing wu , dongqing yang",2002,sigmod conference,"commix : towards effective web information extraction , integration and query answering"
1828,"manfred hauswirth , karl aberer , philippe cudré-mauroux",2002,sigmod record,a framework for semantic gossiping
1829,"gio wiederhold , byung suk lee",1994,vldb j.,efficiently instantiating view-objects from remote relational databases
1830,"randall g. bello , william d. norcott , mohamed ziauddin , harry sun , karl dias , alan downing , james j. feenan jr. , andrew witkowski , james l. finnerty",1998,vldb,materialized views in oracle
1831,"eric dujardin , eric simon , marie-jo bellosta , eric amiel",1994,vldb,supporting exceptions to schema consistency to ease schema evolution in oodbms
1832,"albertas caplinskas , johann eder , olegas vasilecas",2002,sigmod record,advances in databases and information systems ( adbis )
1833,guido moerkotte,1998,vldb,small materialized aggregates : a light weight index structure for data warehousing
1834,"kyu-young whang , gio wiederhold , sang-wook kim",1994,vldb j.,dynamic maintenance of data distribution for selectivity estimation
1835,"jeffrey scott vitter , yossi matias , min wang",1998,sigmod conference,wavelet-based histograms for selectivity estimation
1836,sunita sarawagi,2002,vldb,automation in information extraction and data integration
1837,"donald r. slutz , jim gray , tom barclay",2000,sigmod conference,terraserver : a spatial data warehouse
1838,angelo pruscino,2003,sigmod conference,oracle rac : architecture and performance
1839,"ravishankar subramanya , christos faloutsos , yoshiharu ishikawa",1998,vldb,mindreader : querying databases through multiple examples
1840,"rajeev rastogi , pascal felber , chee yong chan , wenfei fan , minos n. garofalakis",2002,vldb,tree pattern aggregation for scalable xml data dissemination
1841,anant jhingran,2000,sigmod conference,anatomy of a real e-commerce system
1842,"tolga urhan , michael j. franklin",2001,vldb,dynamic pipeline scheduling for improving interactive query performance
1843,"veda c. storey , terence m. barron , debabrata dey",1999,acm trans . database syst .,improving database design through the analysis of relationships
1844,ugur çetintemel,2001,sigmod record,on the academic interview circuit : an end-to-end discussion
1845,"yunyue zhu , dennis shasha",2002,vldb,statstream : statistical monitoring of thousands of data streams in real time
1846,michael l. brodie,2000,vldb,"panel : future directions of database research - the vldb broadening strategy , part 2"
1847,"philip s. yu , wei-guang teng , ming-syan chen",2003,vldb,a regression-based temporal pattern mining scheme for data streams
1848,paul w. p. j. grefen,2002,sigmod record,what will be - book review
1849,"laks v. s. lakshmanan , stelios paparizos , nuwee wiwatwattana , cong yu , jignesh m. patel , h. v. jagadish , andrew nierman , divesh srivastava , adriane chapman , yuqing wu , shurug al-khalifa",2003,sigmod conference,timber : a native system for querying xml
1850,"raymond t. ng , jiawei han",1994,vldb,efficient and effective clustering methods for spatial data mining
1851,"prakash sundaresan , jim gray , robert barnes , tom barclay",1994,sigmod record,loading databases using dataflow parallelism
1852,"athman bouguettaya , steven milliner , mike p. papazoglou",1995,vldb,a scalable architecture for autonomous heterogeneous database interactions
1853,"michael kifer , pinar senkul , ismail h. toroslu",2002,vldb,a logical framework for scheduling workflows under resource allocation constraints
1854,"jano moreira de souza , geraldo zimbrao",1998,vldb,a raster approximation for processing of spatial joins
1855,"weiyi meng , clement t. yu , king-lup liu , wensheng wu",2001,sigmod conference,efficient and effective metasearch for text databases incorporating linkages among documents
1856,"swarup acharya , stanley b. zdonik , michael j. franklin",1997,sigmod conference,balancing push and pull for data broadcast
1857,"giedrius slivinskas , richard t. snodgrass , christian s. jensen",2002,sigmod record,bringing order to query optimization
1858,umang gupta,1996,vldb,the changing landscape of the software industry and its implications for india
1859,"masahisa tamura , masaru kitsuregawa",1999,vldb,dynamic load balancing for parallel association rule mining on heterogenous pc cluster systems
1860,"craig s. freedman , david j. dewitt",1995,sigmod conference,the spiffi scalable video-on-demand system
1861,"ibrahim kamel , christos faloutsos",1994,vldb,hilbert r-tree : an improved r-tree using fractals
1862,"ioana ursu , donald kossmann , laura m. haas",1999,vldb,loading a cache with query results
1863,"lynn o. wilson , peter g. selfridge , divesh srivastava",1996,sigmod conference,idea : interactive data exploration and analysis
1864,"haifeng jiang , hongjun lu , wei wang , jeffrey xu yu",2003,sigmod conference,containment join size estimation : models and methods
1865,"sandeepan banerjee , ravi murthy",2003,vldb,xml schemas in oracle xml db
1866,daniel a. keim,1996,sigmod conference,databases and visualization
1867,"jin jing , tetsuya furukawa , ahmed k. elmagarmid",1995,sigmod record,wireless client/server computing for personal information services and applications
1868,"marcelo arenas , vasiliki kantere , renée j. miller , anastasios kementsietsidis , john mylopoulos , iluju kiringa",2003,sigmod record,the hyperion project : from data integration to data coordination
1869,"philip bohannon , rajeev rastogi , peter mcilroy",2001,sigmod conference,main-memory index structures with fixed-size partial keys
1870,"werner dreyer , angelika kotz dittrich , duri schmidt",1995,sigmod conference,using the calanda time series management system
1871,"chung-sheng li , vittorio castelli , lawrence d. bergman , john r. smith",2000,sigmod conference,spire : a progressive content-based spatial image retrieval engine
1872,"betty salzberg , david b. lomet , georgios evangelidis",1997,vldb j.,"the hb-pi-tree : a multi-attribute index supporting concurrency , recovery and node consolidation"
1873,?,1994,vldb j.,"title , foreword"
1874,"laks v. s. lakshmanan , alex pang , raymond t. ng , jiawei han",1999,sigmod conference,optimization of constrained frequent set queries with 2-variable constraints
1875,alon y. halevy,2003,sigmod record,learning about data integration challenges from day one
1876,"yunyue zhu , s. muthukrishnan , flip korn",2003,sigmod conference,ipsofacto : a visual correlation tool for aggregate network traffic data
1877,"jason tsong-li wang , george jyh-shian chang , dennis shasha , girish patel , kaizhong zhang , liam relihan",1997,sigmod conference,structural matching and discovery in document databases
1878,"chun xu , eric n. hanson , roxana dastur , i.-cheng chen , vijay ramaswamy , wendy tan , kurt engel",1998,vldb j.,a flexible and recoverable client/server database event notification system
1879,"kaushik chakrabarti , sharad mehrotra , eamonn j. keogh , michael j. pazzani",2001,sigmod conference,locally adaptive dimensionality reduction for indexing large time series databases
1880,"jussi myllymaki , shilpa lawande , donko donjerkovic , raghu ramakrishnan , guangshun chen , kevin s. beyer , miron livny , r. kent wenger",1997,sigmod conference,devise : integrated querying and visual exploration of large datasets ( demo abstract )
1881,"chris clifton , yücel saygin , vassilios s. verykios",2001,sigmod record,using unknowns to prevent discovery of association rules
1882,david ritter,1998,sigmod record,the middleware muddle
1883,"elke a. rundensteiner , song wang , li chen",2002,sigmod conference,xcache : a semantic caching system for xml queries
1884,michael a. olson,1995,sigmod conference,cover your assets
1885,"shunsuke uemura , masatoshi yoshikawa , yasushi sakurai , haruhiko kojima",2002,vldb j.,spatial indexing of high-dimensional data based on relative approximation
1886,"marvin h. solomon , michael j. carey , mark l. mcauliffe",1996,sigmod conference,towards effective and efficient free space management
1887,"johannes gehrke , abhinandan das , mirek riedewald",2003,sigmod conference,approximate join processing over data streams
1888,?,1995,vldb j.,"title , announcement"
1889,"stephen blott , roger weber , hans-jörg schek",1998,vldb,a quantitative analysis and performance study for similarity-search methods in high-dimensional spaces
1890,radek vingralek,2002,vldb,"gnatdb : a small-footprint , secure database system"
1891,"kevin s. beyer , raghu ramakrishnan",1999,sigmod conference,bottom-up computation of sparse and iceberg cubes
1892,"zhiyuan chen , flip korn , johannes gehrke",2001,sigmod conference,query optimization in compressed database systems
1893,richard t. snodgrass,2002,sigmod record,"rights of tods readers , authors and reviewers"
1894,"giuseppe de giacomo , moshe y. vardi , maurizio lenzerini , diego calvanese",2003,sigmod record,reasoning on regular path queries
1895,"john r. smith , yuan-chi chang , chung-sheng li , jeffrey scott vitter , apostol natsev",2001,vldb,supporting incremental join queries on ranked inputs
1896,"laks v. s. lakshmanan , divesh srivastava , h. v. jagadish",1999,sigmod conference,snakes and sandwiches : optimal clustering strategies for a data warehouse
1897,christoph bussler,2001,sigmod conference,semantic b2b integration
1898,"dinkar sitaram , asit dan",1995,sigmod conference,an online video placement policy based on bandwith to space ratio ( bsr )
1899,karl aberer,2002,sigmod record,book review column
1900,"michael h. böhlen , christian s. jensen , michalis vazirgiannis , nikos a. lorentzos , markus schneider , ralf hartmut güting , martin erwig",2000,acm trans . database syst .,a foundation for representing and quering moving objects
1901,"jiawei han , nebojsa stefanovic , krzysztof koperski",1997,sigmod conference,geominer : a system prototype for spatial data mining
1902,"leonard j. seligman , arnon rosenthal",1994,vldb,data integration in the large : the challenge of reuse
1903,"jing an , mong-li lee , daofeng luo , xiaofeng meng",2003,vldb,orientstore : a schema based native xml storage system
1904,"flip korn , s. muthukrishnan , divesh srivastava",2002,vldb,reverse nearest neighbor aggregates over data streams
1905,arie segev,1994,sigmod record,editor 's notes
1906,"yasushi sakurai , shunsuke uemura , masatoshi yoshikawa , ryoji kataoka",2001,vldb,similarity search for adaptive ellipsoid queries using spatial transformation
1907,"tak w. yan , hector garcia-molina",1994,acm trans . database syst .,index structures for selective dissemination of information under the boolean model
1908,thomas maguire,2001,sigmod conference,catalog management in websphere commerce suite
1909,"chris olston , brian babcock",2003,sigmod conference,distributed top-k monitoring
1910,"ashish gupta , inderpal singh mumick , kenneth a. ross",1995,sigmod conference,adapting materialized views after redefinitions
1911,"mario a. nascimento , jörg sander , jeffrey pound",2003,sigmod record,analysis of sigmod 's co-authorship graph
1912,"kajal t. claypool , elke a. rundensteiner , hong su , keiji oenoki , li chen",2000,sigmod conference,serfing the web : web site management made easy
1913,?,1994,vldb j.,"title , foreword"
1914,"jan van den bussche , surajit chaudhuri , moshe y. vardi , kenneth a. ross , gösta grahne , h. v. jagadish",1999,sigmod record,reminiscences on influential papers
1915,"sunil prabhakar , radu sion , mikhail j. atallah",2003,sigmod conference,rights protection for relational data
1916,"brad adelberg , matthew denny",1999,sigmod conference,nodose version 2.0
1917,"umeshwar dayal , mehmet sayal , ming-chien shan , fabio casati",2002,vldb,business process cockpit
1918,"roger s. barga , calton pu",1995,vldb,a practical and modular implementation of extended transaction models
1919,"claudio petrone , marco mesiti , munir cochinwala , patrizia santa , chung-min chen , sunil samtani , marc pucci",2000,sigmod conference,internet traffic warehouse
1920,"mary f. fernandez , dan suciu , atsuyuki morishima",2001,sigmod conference,efficient evaluation of xml middle-ware queries
1921,"m. tamer özsu , shu lin , raymond t. ng , vincent oria",2001,vldb,an extendible hash for multi-precision similarity querying of image databases
1922,"junghoo cho , hector garcia-molina",2003,acm trans . database syst .,effective page refresh policies for web crawlers
1923,"julian kupiec , jan o. pedersen , lynn wilcox , marti a. hearst , francine chen",1994,sigmod record,metadata for mixed-media access
1924,"kenneth c. sevcik , nick koudas",1996,vldb,filter trees for managing spatial data over a range of size granularities
1925,?,1999,sigmod record,"the active database central , er2000 , vldb 2000 , wise 2000 , books , acm dl"
1926,"yossi matias , jeffrey scott vitter , min wang",2000,vldb,dynamic maintenance of wavelet-based histograms
1927,"wei fan , sanghyun park , philip s. yu , haixun wang",2003,sigmod conference,vist : a dynamic index method for querying xml data by tree structures
1928,"jen-yao chung , asit dan , philip s. yu",1995,vldb j.,characterization of database access pattern for analytic prediction of buffer hit probability
1929,"renée j. miller , c. t. howard ho , lucian popa , ling-ling yan , ronald fagin , mauricio a. hernández , laura m. haas",2001,sigmod record,the clio project : managing heterogeneity
1930,"hector garcia-molina , luis gravano",1997,vldb,merging ranks from heterogeneous internet sources
1931,"hector garcia-molina , sudarshan s. chawathe",1997,sigmod conference,meaningful change detection in structured data
1932,"minos n. garofalakis , johannes gehrke",2002,vldb,querying and mining data streams : you only get one look
1933,"daniela florescu , dan suciu , alon y. levy",1998,vldb,is web-site management a database problem ?
1934,eva kühn,2003,vldb,the zero-delay data warehouse : mobilizing heterogeneous databases
1935,"paul w. p. j. grefen , heiko ludwig",2000,sigmod record,report in isdo ' 00 : the caise * 00 workshop on infrastructures for dynamic business-to-business service outsourcinga
1936,"anh-tuan tran , chuck freiwald , aravind yalamanchi , samuel defazio , souripriya das , ramkumar krishnan , jagannathan srinivasan , mahesh jagannath , eugene inseok chong , jayanta banerjee",2000,vldb,oracle8i index-organized table and its application to new domains
1937,"peter m. g. apers , hennie j. steenhagen , henk m. blanken , rolf a. de by",1994,vldb,from nested-loop to join queries in oodb
1938,"jérôme siméon , vassilis christophides , sophie cluet",2000,sigmod conference,on wrapping query languages and efficient xml integration
1939,"peter sawyer , awais rashid",2000,sigmod record,object database evolution using separation of concerns
1940,harald schöning,2003,vldb,commercial use of database technology
1941,"gottfried vossen , richard mcclatchey",1997,sigmod record,workshop on workflow management in scientific and engineering applications - report
1942,"henry f. korth , gregory d. speegle",1994,acm trans . database syst .,formal aspects of concurrency control in long-duration transaction systems using the nt/pv model
1943,"björn þór jónsson , divesh srivastava , michael j. franklin",1998,sigmod conference,interaction of query evaluation and buffer management for information retrieval
1944,"luis gravano , surajit chaudhuri",1999,vldb,evaluating top-k selection queries
1945,"dieter fensel , alexander maedche , christoph bussler",2002,sigmod record,a conceptual architecture for semantic web enabled web services
1946,?,1995,vldb j.,"title , preface to the special issue on persistent object systems"
1947,"christian böhm , hans-peter kriegel , stefan berchtold",1998,sigmod conference,the pyramid-technique : towards breaking the curse of dimensionality
1948,"german shegalov , gerhard weikum , wolfgang wonner , michael gillmann , jeanine weißenfels",2000,sigmod conference,a goal-driven auto-configuration tool for the distributed workflow management system mentor-lite
1949,"lipyeow lim , ronald parr , jeffrey scott vitter , sriram padmanabhan , min wang",2002,vldb,xpathlearner : an on-line self-tuning markov histogram for xml path selectivity estimation
1950,"sunita sarawagi , ashish gupta , rakesh agrawal , prasad deshpande , jeffrey f. naughton , sameet agarwal , raghu ramakrishnan",1996,vldb,on the computation of multidimensional aggregates
1951,"holger meinecke , uwe heinkel , ralf rantzau , carmen constantinescu",2002,vldb,champagne : data change propagation for heterogeneous information systems
1952,"pradeep shenoy , xin dong , henry f. korth , philip bohannon , p. p. s. narayan , chengkai li , sumit ganguly",2003,sigmod conference,rolex : relational on-line exchange with xml
1953,"arvind hulgeri , s. sudarshan",2003,vldb,anipqo : almost non-intrusive parametric query optimization for nonlinear cost functions
1954,"thomas stöhr , erhard rahm",2001,vldb,warlock : a data allocation tool for parallel warehouses
1955,michael j. franklin,1999,sigmod record,editor 's notes
1956,"ramakrishnan srikant , balakrishna r. iyer , christos faloutsos , arun n. swami , h. miranda , sakti p. ghosh , a. mahboob , maurice a. w. houtsma , michael j. carey , tomasz imielinski , rakesh agrawal",1994,sigmod conference,quest : a project on database mining
1957,"sangyong hwang , kihong kim , sang kyun cha , keunjoo kwon",2001,vldb,cache-conscious concurrency control of main-memory indexes on shared-memory multiprocessor systems
1958,"laura m. haas , renée j. miller , mauricio a. hernández",2001,sigmod conference,clio : a semi-automatic tool for schema mapping
1959,"bruce hillyer , abraham silberschatz",1996,sigmod conference,random i/o scheduling in online tertiary storage systems
1960,"carl medsker , margaret christensen , il-yeol song",1995,sigmod record,a comparison of three user interfaces to relational microcomputer data bases
1961,"dan cosley , steve lawrence , david m. pennock",2002,vldb,referee : an open framework for practical testing of recommender systems using researchindex
1962,"dennis shasha , radu preotiuc-pietro , joão pereira , kenneth a. ross , françois llirbat , françoise fabret",2000,vldb,publish/subscribe on the web at extreme speed
1963,"georg gottlob , christoph koch , reinhard pichler",2003,sigmod record,xpath processing in a nutshell
1964,"klaus r. dittrich , stella gatziu , andreas geppert",1995,sigmod conference,the samos active dbms prototype
1965,"nick bassiliades , ioannis p. vlahavas",1995,vldb,a non-uniform data fragmentation strategy for parallel main-menory database systems
1966,adam bosworth,2003,sigmod conference,the future of web services - i
1967,"k. selçuk candan , yoshinori hara , kyoji hirata , wen-syan li",2001,vldb j.,supporting efficient multimedia database exploration
1968,"mary f. fernandez , peter buneman , dan suciu",2000,vldb j.,unql : a query language and algebra for semistructured data based on structural recursion
1969,"holger märtens , erhard rahm , thomas stöhr",2000,vldb,multi-dimensional database allocation for parallel data warehouses
1970,"arne koschel , ralf kramer , ralf nikolai , peter c. lockemann , mechtild wallrath , ulrike kölsch , hans-dirk walter",1997,vldb,"the network as a global database : challenges of interoperability , proactivity , interactiveness , legacy"
1971,"amir netz , surajit chaudhuri , jeff bernhardt , usama m. fayyad",2000,vldb,integration of data mining with database technology
1972,sergio greco,1998,vldb,binding propagation in disjunctive databases
1973,"stéphane grumbach , philippe rigaux , luc segoufin",2000,vldb,manipulating interpolated data is easier than you thought
1974,"yu yin , raymond t. ng , alan s. wagner",2001,sigmod conference,iceberg-cube computation with pc clusters
1975,"hector garcia-molina , wilburt labio , yingwei cui , jennifer widom , jun yang",2000,vldb,performance issues in incremental warehouse maintenance
1976,richard t. snodgrass,1997,sigmod record,chair 's message
1977,oliver günther,1997,sigmod record,environment information systems - guest editor 's foreword
1978,"calton pu , jonathan walpole , karsten schwan",2001,sigmod record,infosphere project : system support for information flow applications
1979,"ji-rong wen , qing li , wei-ying ma , hongjiang zhang",2003,sigmod record,a multi-paradigm querying approach for a generic multimedia database management system
1980,"jennifer widom , jason mchugh",1997,sigmod record,integrating dynamically-fetched external information into a dbms for semistructured data
1981,"peter scheuermann , radek vingralek , junho shim",1996,vldb,watchman : a data warehouse intelligent cache manager
1982,"kaushik dutta , debra e. vandermeer , krithi ramamritham , anindya datta , shamkant b. navathe",2001,vldb j.,an architecture to support scalable online personalization on the web
1983,"stefano ceri , stefano paraboschi , angela bonifati",2001,vldb j.,active rules for xml : a new paradigm for e-services
1984,leonard gallagher,1994,sigmod record,influencing database language standards
1985,keishi tajima,1996,sigmod conference,static detection of security flaws in object-oriented databases
1986,"philip s. yu , kun-lung wu",2000,sigmod record,report on second international workshop on advanced issues of e-commerce and web-based information systems
1987,"jef wijsen , toon calders , raymond t. ng",2002,acm trans . database syst .,searching for dependencies at multiple abstraction levels
1988,"anand deshpande , shridhar shukla",2000,sigmod conference,tutorial : ldap directory services - just another database application ?
1989,h. v. jagadish,1994,sigmod conference,databases for networks
1990,"k. ong , christine tomlinson , darrell woelk , c. unnikrishnan , william bohrer , nigel jacobs",1995,sigmod conference,carnot and infosleuth : database technology and the world wide web
1991,"benjamin nguyen , iraklis varlamis , maria halkidi , michalis vazirgiannis",2003,vldb j.,thesus : organizing web document collections based on link semantics
1992,david b. lomet,1998,sigmod record,b-tree page size when caching is considered
1993,"venky harinarayan , dallan quass , ashish gupta",1995,vldb,aggregate-query processing in data warehousing environments
1994,"luis gravano , hector garcia-molina",1995,vldb,generalizing gloss to vector-space databases and broker hierarchies
1995,vernon hoffner,2003,sigmod record,fundamentals of data warehouses : 2nd revised and extended edition
1996,"jennifer widom , mayur datar , shivnath babu , justin rosenstein , itaru nishizawa , arvind arasu , keith ito , brian babcock",2003,sigmod conference,stream : the stanford stream data manager
1997,chaitanya k. baru,1996,vldb,performance of future database systems : bottlenecks and bonananzas
1998,"weipeng p. yan , per-åke larson",1995,vldb,eager aggregation and lazy aggregation
1999,"veda c. storey , yair wand , ron weber",1999,acm trans . database syst .,an ontological analysis of the relationship construct in conceptual modeling
2000,"surajit chaudhuri , shahram ghandeharizadeh , cyrus shahabi",1995,vldb,retrieval of composite multimedia objects
2001,"helen m. thomas , krithi ramamritham , anindya datta",1999,vldb,curio : a novel solution for efficient storage and indexing in data warehouses
2002,"mary tork roth , laura m. haas , fatma ozcan",1999,vldb,cost models do matter : providing cost information for diverse data sources in a federated system
2003,"philip a. bernstein , david shutt , shankar pal",1999,vldb,context-based prefetch for implementing objects on relations
2004,bill rosneblatt,1994,sigmod record,unix rdbms : the next generation
2005,sunil choenni,2000,vldb,design and implementation of a genetic-based algorithm for data mining
2006,"stanley m. t. yau , antonio si , dennis mcleod , hong va leong",1999,sigmod record,on multi-resolution document transmission in mobile web
2007,"davood rafiei , alberto o. mendelzon",2002,vldb j.,efficient retrieval of similar shapes
2008,"claudio sartori , sonia bergamaschi , domenico beneventano",2003,acm trans . database syst .,description logics for semantic query optimization in object-oriented database systems
2009,"raymond t. ng , divesh srivastava , h. v. jagadish , olga kapitskaia",2000,vldb j.,one-dimensional and multi-dimensional substring selectivity estimation
2010,"pedro josé marrón , georg lausen",2001,vldb,on processing xml in ldap
2011,"vladislav shkapenyuk , tamraparni dasu , s. muthukrishnan , theodore johnson",2002,sigmod conference,"mining database structure ; or , how to build a data quality browser"
2012,"tei-wei kuo , aloysius k. mok",1996,sigmod record,real-time database - similarity semantics and resource scheduling
2013,"vasilis vassalos , janet l. wiener , michael rys , serge abiteboul , jason mchugh",1998,vldb,incremental maintenance for materialized views over semistructured data
2014,"bernd burkert , yaron engel , ralf böttger , gerd kachel , elke radeke , silvia kolmschlag , dietmar nolte",1995,sigmod conference,efendi : federated database system of cadlab
2015,rafael alonso,1994,sigmod record,trade press news
2016,"stefan manegold , martin l. kersten , peter a. boncz",2000,vldb,what happens during a join ? dissecting cpu and memory optimization effects
2017,"jutai zhou , ouri wolfson , sam chamberlain , a. prasad sistla , bo xu",1999,sigmod conference,domino : databases for moving objects tracking
2018,"paul ammann , indrakshi ray , sushil jajodia",1997,acm trans . database syst .,applying formal methods to semantic-based decomposition of transactions
2019,akmal b. chaudhri,1998,sigmod record,workshop report on experiences using object data management in the real-world
2020,"karthikeyan ramasamy , jeffrey f. naughton , jignesh m. patel , raghav kaushik",2000,vldb,"set containment joins : the good , the bad and the ugly"
2021,"bennet vance , david maier",1996,sigmod conference,rapid bushy join-order optimization with cartesian products
2022,"sridhar ramaswamy , swarup acharya , phillip b. gibbons , viswanath poosala",1999,sigmod conference,the aqua approximate query answering system
2023,donald d. chamberlin,2003,sigmod record,2003 sigmod innovations award speech
2024,"roy goldman , jennifer widom",2000,sigmod conference,wsq/dsq : a practical approach for combined querying of databases and the web
2025,"dimitris margaritis , christos faloutsos , sebastian thrun",2001,vldb,netcube : a scalable tool for fast data mining and compression
2026,"koichi goto , yahiko kambayashi",2002,vldb,a new passenger support system for public transport using mobile database access
2027,"masaru kitsuregawa , kazuhiko mogi",1996,sigmod conference,hot mirroring : a study to hide parity upgrade penalty and degradations during rebuilds for raid5
2028,"joão b. d. cabrera , raman k. mehra , lundy m. lewis",2001,sigmod record,detection and classification of intrusions and faults using sequences of system calls
2029,"xuemin lin , qing liu , yidong yuan , xiaofang zhou",2003,vldb,multiscale histograms : summarizing topological relations in large spatial datasets
2030,"qiang wang , brian d. davison",2003,sigmod record,review of web caching and replication by michael rabinovich and oliver spatscheck . addison wesley 2002
2031,"jingren zhou , kenneth a. ross",2003,vldb,buffering accesses to memory-resident index structures
2032,"king-ip lin , harpreet s. sawhney , rakesh agrawal , kyuseok shim",1995,vldb,"fast similarity search in the presence of noise , scaling , and translation in time-series databases"
2033,"abraham silberschatz , christos faloutsos , yossi matias",1996,vldb,modeling skewed distribution using multifractals and the ` 80-20 ' law
2034,"cui yu , kian-lee tan , beng chin ooi , h. v. jagadish",2001,vldb,indexing the distance : an efficient method to knn processing
2035,"tomasz imielinski , daniel barbará",1995,vldb j.,sleepers and workaholics : caching strategies in mobile environments
2036,"hans-peter kriegel , stefan berchtold",1997,sigmod conference,s3 : similarity search in cad database systems
2037,"piyush goel , balakrishna r. iyer",1996,sigmod conference,sql query optimization : reordering for a general class of queries
2038,"jan-dirk becker , matthias jarke , andreas boehmer , elvira schaefer",2000,vldb,controlling data warehouses with knowledge networks
2039,"h. v. jagadish , ting yu , divesh srivastava , sudipto guha , nick koudas",2002,sigmod conference,approximate xml joins
2040,"minos n. garofalakis , neoklis polyzotis",2002,sigmod conference,statistical synopses for graph-structured xml databases
2041,marianne winslett,2003,sigmod record,interview with michael stonebraker
2042,"thomas eiter , v. s. subrahmanian , thomas lukasiewicz , james j. lu",2001,acm trans . database syst .,probabilistic object bases
2043,"daniel barbará , tomasz imielinski",1994,sigmod conference,sleepers and workaholics : caching strategies in mobile environments
2044,larry ellison,1995,sigmod conference,keynote address
2045,"barbara pernici , massimo mecella",2001,vldb j.,designing wrapper components for e-services in integrating heterogeneous systems
2046,edward sciore,1994,vldb j.,versioning and configuration management in an object-oriented data model
2047,"anthony brockwell , spiros papadimitriou , christos faloutsos",2003,vldb,"adaptive , hands-off stream mining"
2048,"christian a. lang , ambuj k. singh",2001,sigmod conference,modeling high-dimensional index structures using sampling
2049,c. mohan,1999,vldb,repeating history beyond aries
2050,"felipe cariño , pekka kostamaa , art kaufmann , john burgess",2001,sigmod conference,"storhouse metanoia - new applications for database , storage & data warehousing"
2051,"alex pang , jiawei han , raymond t. ng , laks v. s. lakshmanan",1998,sigmod conference,exploratory mining and pruning optimizations of constrained association rules
2052,"klaudia hergula , fernando de ferreira rezende",1998,vldb,the heterogeneity problem and middleware technology : experiences with and performance of database gateways
2053,krishna g. kulkarni,1994,sigmod conference,object-oriented extensions in sql3 : a status report
2054,viswanathan krishnamurthy,2003,sigmod conference,oracle xml db repository
2055,gerhard weikum,2002,sigmod record,foundations of statistical natural language processing - book review
2056,"waqar hasan , rajeev motwani",1994,vldb,optimization algorithms for exploiting the parallelism-communication tradeoff in pipelined parallelism
2057,"aashu virmani , tomasz imielinski",1995,sigmod conference,datamine - interactive rule discovery system
2058,"khaled yagoub , patrick valduriez , valérie issarny , daniela florescu",2000,vldb,caching strategies for data-intensive web sites
2059,"ion stoica , nick lanham , scott shenker , joseph m. hellerstein , boon thau loo , ryan huebsch",2003,vldb,querying the internet with pier
2060,"hamid pirahesh , christof bornhövd , berthold reinwald , sailesh krishnamurthy , mehmet altinel , c. mohan",2003,vldb,cache tables : paving the way for an adaptive database cache
2061,"inderpal singh mumick , ashish gupta",1996,vldb,what is the data warehousing problem ? ( are materialized views the answer ? )
2062,"jeffrey xu yu , weifa liang , maria e. orlowska",2000,vldb j.,optimizing multiple dimensional queries simultaneously in multidimensional databases
2063,"ling liu , robert meersman",1996,acm trans . database syst .,the building blocks for specifying communication behavior of complex objects : an activity-driven approach
2064,?,1994,sigmod record,calls for papers / announcements
2065,"yiu-kai ng , y. s. jiang , david w. embley",1999,sigmod conference,record-boundary discovery in web documents
2066,"ouri wolfson , kailash narayanan , son dao , ramya raj , a. prasad sistla",1995,sigmod record,view maintenance in mobile computing
2067,"nick roussopoulos , alexandros labrinidis",2003,vldb,balancing performance and data freshness in web database servers
2068,"jayant r. haritsa , juliana freire , maya ramanath , prasan roy , jérôme siméon",2002,sigmod conference,statix : making xml count
2069,"christian s. jensen , david b. lomet",2001,vldb,transaction timestamping in ( temporal ) databases
2070,"igor timko , torben bach pedersen , christian hage , christian s. jensen , laurynas speicys",2003,vldb,integrated data management for mobile services in the real world
2071,"markus schneider , ralf hartmut güting",1995,vldb j.,realm-based spatial data types : the rose algebra
2072,"david wai-lok cheung , ada wai-chee fu",1994,vldb,a transaction replication scheme for a replicated database with node autonomy
2073,aris m. ouksel,2003,sigmod record,in-context peer-to-peer information filtering on the web
2074,"raghu ramakrishnan , s. sudarshan , divesh srivastava , praveen seshadri",1994,vldb j.,the coral deductive system
2075,"alan sussman , anurag acharya , joel h. saltz , chialin chang",1998,sigmod record,t2 : a customizable parallel database for multi-dimensional data
2076,"renée j. miller , anastasios kementsietsidis , marcelo arenas",2003,sigmod conference,mapping data in peer-to-peer systems : semantics and algorithmic issues
2077,garth a. gibson,1995,sigmod conference,storage technology : raid and beyond
2078,"arnon rosenthal , edward sciore",1999,sigmod record,first-class views : a key to user-centered computing
2079,hyoungdo kim,2002,sigmod record,conceptual modeling and specification generation for b2b business process based on ebxml
2080,"shing-shan peng , kwei-jay lin",1996,sigmod record,enhancing external consistency in real-time transactions
2081,"thierry coupaye , t. svensen , christine collet",1994,vldb,naos - efficient and modular reactive capabilities in an object-oriented database system
2082,arnaud sahuguet,2001,sigmod conference,kweelt : more than just yet another framework to query xml !
2083,"elizabeth a. m. shriver , bruce hillyer , wee teck ng , banu özden , eran gabber , david j. dewitt , john wilkes , jim gray , bruce gordon",2001,vldb,storage service providers : a solution for storage management ? ( panel )
2084,"mark deppe , yongdong wang , alex gorelik",1994,sigmod conference,sybase replication server
2085,"angelo pruscino , rafiul ahad , roger bamford",1999,vldb,a scalable and highly available networked database architecture
2086,"robert j. glushko , bart meltzer",1998,sigmod record,xml and electronic commerce : enabling the network economy
2087,"maurizio rafanelli , elaheh pourabbas",2000,sigmod record,hierarchies and relative operators in the olap environment
2088,"benjamin g. zorn , alexander l. wolf , jonathan e. cook",1994,sigmod conference,partition selection policies in object database garbage collection
2089,"jörg-uwe kietz , ulrich reimer , martin staudt",1997,vldb,mining insurance data at swiss life
2090,"jörg sander , hans-peter kriegel , peer kröger , markus m. breunig",2001,sigmod conference,data bubbles : quality preserving performance boosting for hierarchical clustering
2091,"peter dadam , wolfgang klas",1997,sigmod record,the database and information system research group at the university of ulm
